Latitude,Longitude
41.773371528,-87.66531946799999
41.828138428,-87.672782106
41.738563465,-87.552678593
41.894945606,-87.75487497700001
41.70284845,-87.624588931
41.757614433,-87.58611526600001
,
41.880934043,-87.764879438
41.848024395,-87.68209087700001
41.787480544,-87.618458018
41.708029389000004,-87.56929028200001
41.939055884,-87.730240399
41.777694703,-87.607128049
41.85168235,-87.713304129
41.748203504,-87.636663391
41.752762491,-87.553488733
41.87946597,-87.72318519
41.728740563,-87.596150779
41.743970443,-87.58579712299999
41.757946916,-87.58956394399999
41.758322944,-87.648271397
41.894945606,-87.75487497700001
41.927300801,-87.73994603700001
41.90056412,-87.63060547299999
41.76778191,-87.68944263799999
41.736269116,-87.62776824299999
41.993281593,-87.709220588
41.76559446,-87.621050648
41.879464606999996,-87.748235993
41.968528173,-87.778559988
41.879485593000005,-87.74643281899999
41.939898633,-87.754281422
41.871964663,-87.69666293200001
41.879241873000005,-87.69755644899999
41.71902307,-87.620528559
41.88038163,-87.75427927
41.784801626,-87.615737796
41.764251916999996,-87.711716396
41.892722047,-87.625398921
41.909272539,-87.77411376200001
41.685021672,-87.618008151
41.880743390999996,-87.724472972
41.907657028,-87.734551348
41.782957216999996,-87.62054686
41.683970355,-87.666812454
41.738280662,-87.551447254
41.836385231,-87.66571041
41.748526903,-87.663825429
41.759012808,-87.560215615
41.876581037,-87.74513751299999
41.803201891,-87.72198373
41.905358915,-87.727523294
41.851305522,-87.699073778
41.788987036,-87.74147999
41.98287878,-87.791440835
41.87707857,-87.72631067399999
41.894227149,-87.711397939
41.880399914,-87.75300855299999
41.766988136,-87.57510127100001
41.878563206,-87.74798350299999
41.89542474,-87.720278586
41.78210152,-87.586502002
41.879503218,-87.626763965
41.945851518000005,-87.802094734
41.762724090999995,-87.64677309
41.909493094,-87.756565853
41.966490762,-87.72160538600001
41.748665338,-87.60147471299999
41.833092039,-87.681464355
41.768052028,-87.65298095200001
41.721347521,-87.652202769
41.764400258,-87.643009097
41.75335369,-87.58166425200001
41.867266901,-87.71379605
41.780534965,-87.719067965
41.894440508,-87.719942744
41.866202226,-87.72303964700001
41.866202226,-87.72303964700001
41.898254742,-87.71274363299999
41.68995741,-87.637460623
41.871885139,-87.704142817
41.898440359,-87.76948828100001
41.902605427,-87.73045864299999
41.860151322,-87.722557556
41.794617681,-87.674321919
41.883526397,-87.742932868
41.892605313000004,-87.619839586
41.892605313000004,-87.619839586
41.892605313000004,-87.619839586
41.892605313000004,-87.619839586
41.967026362,-87.658512589
41.892605313000004,-87.619839586
41.78210152,-87.586502002
41.892605313000004,-87.619839586
41.892605313000004,-87.619839586
41.895513591,-87.71077941700001
41.754121535,-87.70746024799999
41.809487139,-87.60972552700001
41.779234743,-87.685207125
41.946542477,-87.73608437600001
41.870826611,-87.71846862299999
41.905844191999996,-87.72639826700001
41.697984055,-87.62881668899999
41.746509155,-87.62126164600001
41.924397747,-87.654787614
41.765000458,-87.61161851799999
41.876227971,-87.674545335
41.823798151,-87.619756522
41.945928963,-87.76275855700001
41.692197539,-87.655494409
41.871729561,-87.71848567
41.843695653000005,-87.711109507
41.956909436,-87.760726779
41.747851897,-87.66337071
41.722710416999995,-87.62747702200001
41.769957431,-87.64575019
41.974966251,-87.89827080799999
41.78210152,-87.586502002
41.99231427,-87.70796094200001
41.912576915,-87.731301676
41.803307421999996,-87.61943744
41.799095213,-87.63195355100001
41.802009404,-87.62209620600001
41.878611533000004,-87.627688116
41.900665603,-87.73736060600001
41.906354055,-87.71855397700001
41.735107596999995,-87.654534145
41.800881379,-87.676935066
41.780534965,-87.719067965
41.886136329,-87.66816368399999
41.749140885,-87.56133818
41.789767893000004,-87.643822407
41.989334479,-87.674667806
41.725979677,-87.659139757
41.878462484,-87.755732349
41.953443342,-87.74495704799999
41.751305337,-87.603628907
41.754976764,-87.55424256
41.878232554,-87.686355881
41.909240284,-87.65274758
41.757614433,-87.58611526600001
41.909787665,-87.733712179
41.769158261,-87.68336571200001
41.758140368,-87.563931522
41.876650547,-87.755587101
41.920934657,-87.757282227
41.80099297,-87.65504587
41.909884036,-87.749214726
41.825397938,-87.63717732100001
41.767994013,-87.646918516
41.878515334,-87.75152375299999
41.863396806,-87.734883724
41.775607078,-87.68428679200001
41.692233255,-87.65271504399999
41.911608672,-87.734014766
41.878560584,-87.730501097
41.756640446999995,-87.663590843
41.892753031,-87.62419389600001
41.802957004,-87.62267255399999
41.942274645,-87.76295654299999
41.867260945,-87.714218314
41.894175479,-87.708955962
41.885481891,-87.627935689
41.758560412,-87.56272800299999
41.880100349,-87.73791160200001
41.768051639,-87.64691790200001
41.699210598,-87.622105913
41.750302903000005,-87.603940764
41.923976215,-87.76629441600001
41.966289488,-87.66107590600001
41.879627827,-87.736755615
41.704754222,-87.62345106299999
41.847387304,-87.702668927
41.994792775,-87.69954561
41.876581037,-87.74513751299999
41.944862379,-87.739665593
41.923976215,-87.76629441600001
41.788292927,-87.620678433
41.766257132,-87.574530716
41.758996647,-87.635725667
41.874974798000004,-87.725475051
41.766102387,-87.573539169
41.768096835,-87.66387858899999
41.796713658,-87.695105195
41.756094931,-87.644659401
41.888972442,-87.748042734
41.888654974,-87.74929063799999
41.878085576,-87.74153251799999
41.950251564,-87.782519604
41.963070794000004,-87.655984213
41.911343842,-87.63471588
41.875863332,-87.746462289
41.661233333,-87.63535095200001
41.817472271999996,-87.698729054
41.786422986999995,-87.692713885
41.747401022,-87.556455913
42.019399236999995,-87.675049485
41.990455346,-87.697271229
41.778601769,-87.605189348
41.749541695,-87.56013504299999
41.908380062,-87.763386945
41.761286626,-87.662662857
41.853034697,-87.699126435
41.944189498,-87.755698203
41.939262335,-87.71335694
41.801691246,-87.63962721600001
41.777483898,-87.617263874
41.899417418,-87.764502494
41.965426344,-87.655227542
41.67693763,-87.63103759200001
41.751505533,-87.583994603
41.910213253,-87.77399901
41.87876279,-87.766433586
41.935432921,-87.668504341
41.879632285,-87.736557282
41.750154295,-87.661008708
41.928808708000005,-87.747149544
41.777389879,-87.63498009999999
41.759162013,-87.68310007299999
41.849026177,-87.70027446600001
41.901487656,-87.72872800399999
41.924367565,-87.687624413
41.924947914,-87.70067831600001
41.764956871,-87.598250887
41.873186843,-87.74361917600001
41.929164863000004,-87.746495824
41.920867666999996,-87.76587365700001
41.781740546,-87.599474481
41.863939033,-87.70437124799999
41.880599603,-87.73628756
41.913654766,-87.70807543
41.880656875999996,-87.73148755700001
41.90319914,-87.751931543
41.897339695999996,-87.731070154
41.771146185999996,-87.722570475
41.863023512,-87.656758526
41.755464062,-87.650229577
41.848317805,-87.64396478799999
41.947414417,-87.747126165
41.866162194,-87.725841227
41.841350479,-87.62686091100001
41.887141832,-87.69891407200001
41.947586617,-87.72743611
41.786309231,-87.66315381
41.885487535,-87.726422045
41.889042132,-87.723465005
41.964744922,-87.714849143
41.929680945,-87.766188771
41.802641458000004,-87.662382149
41.90802185,-87.76586253
41.897762321,-87.71150689
41.871884716,-87.704065717
41.857678215,-87.67478714399999
41.769103754,-87.628061064
41.755425842,-87.561006318
41.877878287,-87.73384165600001
41.77295831,-87.57281305299999
41.711750536,-87.621400009
41.688783539,-87.672448601
41.73365047,-87.557845321
41.868404619,-87.722805757
41.930076795,-87.718855435
41.801921533000005,-87.62742622799999
41.787713542,-87.69729189
41.865763195999996,-87.721501887
41.879586302,-87.74039501899999
41.979006297,-87.906463155
41.745949115,-87.71508837100001
41.750167966,-87.645239474
41.755445531,-87.652655986
41.775963639000004,-87.61551737200001
41.700134558,-87.561983199
41.9101204,-87.706100347
41.697823571,-87.62325266
41.880775433000004,-87.627029031
41.782056116,-87.670340423
41.73587325,-87.657325273
41.875043672,-87.743418516
41.895420644,-87.720539406
41.783139592,-87.613266743
41.679772098,-87.629172776
41.733256241,-87.552717215
41.879876814,-87.627718261
41.747021183,-87.64219490200001
41.860171924,-87.71767866200001
42.022534349000004,-87.673357342
41.880717825,-87.72638272299999
41.766615006,-87.67433732100001
41.772849096,-87.680901581
41.767910191,-87.66387319799999
41.796778047,-87.665872263
41.783779396999996,-87.621696395
41.673367407,-87.640560272
41.784477456,-87.65219500299999
41.871546101999996,-87.73571827299999
41.803201891,-87.72198373
41.777843802,-87.742275381
41.908425822,-87.767089649
41.893219185999996,-87.742421235
41.878867226,-87.75763815799999
41.73690054,-87.586553276
41.76591285,-87.66020273299999
41.721635631,-87.63032398600001
41.722835484,-87.62061829700001
41.721635631,-87.63032398600001
41.754592961,-87.74152853700001
41.897895128,-87.624096605
41.795991039,-87.63054248899999
41.871727996,-87.718705982
41.746703731,-87.60631943799999
41.891694878,-87.62615583200001
41.678519693,-87.662497935
41.879117911,-87.74056459100001
41.895896023,-87.677913394
41.780912416999996,-87.69517391299999
41.79798374,-87.723294914
41.759081459,-87.56022212200001
41.879874073,-87.76975067299999
41.750490827,-87.65430247399999
41.789249862,-87.621874243
41.74968603,-87.653717282
41.805188471,-87.622732254
41.880399914,-87.75300855299999
41.975883462,-87.690340565
41.884650262,-87.627915459
41.852419423,-87.627080475
41.754592961,-87.74152853700001
41.878562813,-87.747906394
41.899998054,-87.72622589
41.768382919000004,-87.64449500200001
41.879468786,-87.74797891
41.895662143,-87.694851912
41.896690521,-87.62723201600001
41.908426774,-87.69358588
41.768615103,-87.65958430299999
41.736259984,-87.62806878200001
41.759934113,-87.589614301
41.880660786,-87.731186405
41.881832251999995,-87.709531496
41.942731254,-87.78745095
41.851804072,-87.68563492
41.879503218,-87.626763965
41.899609477,-87.717670986
41.904135424,-87.74932590200001
41.895896023,-87.677913394
41.798037176,-87.747264578
41.880399914,-87.75300855299999
41.876354746,-87.73532831899999
41.880660786,-87.731186405
41.802424914,-87.673321345
41.905276989,-87.75093920299999
41.762291678000004,-87.681851575
41.895896023,-87.677913394
41.909307457,-87.771148723
41.860139578,-87.709144009
42.020155026,-87.671906211
41.707095328,-87.628834415
41.78604793,-87.68748521
41.797636079,-87.742893043
41.830493925,-87.618394255
41.763272699,-87.623253585
41.847991538,-87.718962604
41.97551745,-87.729569215
41.899113061,-87.715681215
41.707322807,-87.613289399
41.932303519,-87.75718729299999
41.753674399,-87.55644257
41.753076082,-87.567469931
41.751261264,-87.665889581
41.783353826,-87.594707892
41.768862641999995,-87.5763732
41.910315916,-87.739783746
41.890532455,-87.72350224600001
41.895896023,-87.677913394
41.725474489,-87.57542839899999
41.691715916999996,-87.64236252799999
41.880658176,-87.731212135
41.880089774,-87.753543813
41.909730421,-87.755737112
41.699642384,-87.642958778
41.89171474,-87.723928059
41.808817195,-87.64861767200001
41.910852666,-87.698032739
41.78290607,-87.684139856
41.778877155,-87.70884010600001
41.764243271,-87.585059678
41.762977683,-87.59090969399999
41.867185616,-87.64459918799999
41.884703095999996,-87.75522444299999
41.769703811999996,-87.680845474
41.856019022,-87.73254819
41.795814981999996,-87.671119124
41.812909005,-87.691896127
41.880186421,-87.76853246299999
41.742668037,-87.649881541
41.938436355,-87.77711915299999
41.79892761,-87.65013492799999
41.763954362,-87.69301441299999
41.750615278000005,-87.62580813299999
41.84746783,-87.72835238799999
41.753890422,-87.55228033
41.875784388,-87.672805765
41.787609913000004,-87.703387152
41.888662774000004,-87.74866622799999
41.765460295,-87.578128667
41.878863783,-87.701147762
41.783139349,-87.662174852
41.926955264,-87.750168809
41.907783649,-87.747393358
41.750410781999996,-87.608846554
41.855941697,-87.710814625
41.656469322,-87.614891712
41.945788801,-87.77499676299999
41.675579908,-87.633406013
41.65824289,-87.615885669
41.936901743,-87.754786329
41.792903285,-87.72314873299999
41.68158672,-87.67081632200001
41.779073436,-87.615600014
41.734189234,-87.647765849
41.822506824,-87.710544245
41.734883985,-87.55966970799999
41.757630995,-87.58570824899999
41.96266678,-87.73174590200001
41.84992948,-87.706861209
41.756765393,-87.562690836
41.808101843,-87.66981518
41.903478099000004,-87.659380543
41.880385859,-87.75402952799999
41.792763782,-87.76054721
41.699967175,-87.616667098
41.930301772,-87.76742908899999
41.772241566999995,-87.660734115
41.934396791,-87.65742701299999
41.856790143000005,-87.70085496799999
41.910494911,-87.67687500299999
41.74254638,-87.66323898799999
41.893429499,-87.635619998
41.880383764,-87.754158071
41.876172139,-87.72615401700001
41.756746092,-87.606037518
41.871779347,-87.71396176
41.806248831,-87.667336481
41.81012252,-87.634786082
41.871733025,-87.716572725
41.979006297,-87.906463155
41.78495812,-87.620598031
41.708124063,-87.62475438700001
41.796129246999996,-87.685322984
41.763682129,-87.70034434700001
41.953870729,-87.712005873
41.879595887,-87.73959442
41.962584178,-87.767308975
41.884101226,-87.675026325
41.873699424,-87.704705156
41.76034157,-87.55907077100001
41.89605885,-87.718773934
41.808586681,-87.630892679
41.750657714,-87.614956494
41.708296067,-87.625946406
41.965457044000004,-87.652995284
41.869137185,-87.744856967
41.897155588000004,-87.74585600299999
41.862023566,-87.71041789899999
41.869137185,-87.744856967
41.793253312,-87.66333084200001
41.823715449,-87.603104477
41.782026675,-87.694693554
41.892263984,-87.719879095
41.761720229,-87.592097094
41.764754653000004,-87.63219573100001
41.921915117,-87.68292007299999
41.781989896,-87.68860021399999
41.910118154,-87.66767964
41.910779280999996,-87.711700194
41.871569541,-87.73389693799999
41.84584178,-87.705080703
41.777099307,-87.67023383200001
41.863664863000004,-87.710460706
41.991297533,-87.698211892
41.803667488,-87.590528166
41.879336358,-87.758159051
41.879979654,-87.626145479
41.899080365,-87.719306961
41.941652155999996,-87.764152994
41.790503894000004,-87.656370226
41.869137185,-87.744856967
41.869137185,-87.744856967
41.869137185,-87.744856967
41.788116043,-87.740743633
41.869137185,-87.744856967
41.778877155,-87.70884010600001
41.751928332,-87.64407726399999
41.881203182,-87.647342333
41.670556728,-87.640026745
41.849885613000005,-87.69293627399999
41.757648178000004,-87.63285217399999
41.821327751,-87.62855587600001
41.733253531,-87.667856608
41.774997184,-87.675006736
41.917485514,-87.697544419
41.80859321,-87.665577234
41.777823374,-87.599306499
41.892753031,-87.62419389600001
41.736148121,-87.62907024299999
41.766264384,-87.57355192
41.77586204,-87.756782179
41.895429461,-87.71962107899999
41.815555438000004,-87.693542513
41.73352007,-87.661783059
42.01843402,-87.687740859
41.947079969,-87.71272981
41.880515138,-87.743841898
41.684992236999996,-87.62077983100001
41.797286045,-87.65981218399999
41.762949843,-87.676947938
41.780034308000005,-87.687329239
41.782860958,-87.62539508200001
41.830532342,-87.618393827
41.874548635,-87.71047253799999
41.742710224,-87.63408818100001
41.869137185,-87.744856967
41.876225693,-87.721765622
41.730535047,-87.585066335
41.773315928,-87.588018999
41.869137185,-87.744856967
41.880922186,-87.75263661299999
41.869137185,-87.744856967
41.751256776,-87.606792121
41.869137185,-87.744856967
41.869137185,-87.744856967
42.019372548,-87.67088757399999
41.919318064,-87.75723430299999
41.932651078,-87.653178651
41.898708591,-87.64183628299999
41.932651078,-87.653178651
41.879691121,-87.731529667
41.837489008,-87.646264459
41.878476316,-87.728045319
41.989359176,-87.674667551
41.906716099,-87.762090262
41.896742076,-87.757404189
41.790925443,-87.685210383
41.745575570999996,-87.562494872
41.731108662,-87.551281448
41.859976001,-87.716454446
41.852023717,-87.686627405
41.747632491,-87.60477352299999
41.780439736999995,-87.72593238
41.7080735,-87.566436848
41.735246614,-87.646065581
41.772882101,-87.586293688
41.750742298,-87.610066837
41.739265865,-87.604893749
41.899214544,-87.766763308
41.80241429,-87.592372795
41.779483731,-87.663547521
41.880868735,-87.62125174200001
41.878825690999996,-87.729250117
41.878892807,-87.723774494
41.89526909,-87.731317331
41.897895128,-87.624096605
41.882457198000004,-87.62784777600001
41.875323928,-87.631719215
41.854776169000004,-87.702908348
41.834690111,-87.624182045
41.764584045,-87.63708369
41.872791045,-87.70469937
41.733305983,-87.661777961
41.696755911,-87.541350008
41.881222205,-87.773260431
41.92910221,-87.75633412200001
41.750933941999996,-87.6263067
41.836410145,-87.725557559
41.74840374,-87.674325716
41.903559347,-87.727646835
41.879633731999995,-87.73630756799999
41.894029523,-87.749010284
41.871878036,-87.735168109
41.784895894,-87.618974395
41.85435437,-87.72857747299999
41.968444682,-87.70887105899999
41.885698956999995,-87.748660199
41.890551663000004,-87.723502064
41.802427393,-87.656299749
41.81615798,-87.633564943
41.908390488,-87.634623176
42.000066966,-87.696049746
41.873936641,-87.75561888600001
41.791772377,-87.646305515
41.75338441,-87.70414338
41.782952338,-87.614478795
41.882220984,-87.67734810299999
41.99407294,-87.691489178
41.780349946,-87.68733707
41.931047438,-87.78250845299999
41.707848755,-87.651371112
41.878529405,-87.750510152
41.885428814,-87.661648848
42.002093315,-87.671993974
41.701833324,-87.563215273
41.876868173000005,-87.743335643
41.739024715,-87.65099373700001
41.939361225,-87.703292485
41.953165055,-87.76878195799999
41.923554571,-87.746282667
41.933413638000005,-87.79188179399999
41.879170269,-87.75350806
41.876581037,-87.74513751299999
41.939367879,-87.702005997
41.879998167,-87.764862028
41.704033050999996,-87.535284257
41.996472514000004,-87.69959884
41.865319225,-87.62737539700001
41.968444497,-87.70934173799999
41.89395861,-87.636436965
41.835599335,-87.632821118
41.990474163,-87.693743427
41.80590694,-87.66611496
41.658182943,-87.61332106
41.782418097,-87.686176026
41.80052216,-87.689103976
41.930228041,-87.703216995
41.930253437,-87.70035027
41.759283913000004,-87.741709017
41.774055908,-87.660795812
41.946778228,-87.649470222
41.968444497,-87.70934173799999
41.747579018,-87.66457917700001
41.871932426,-87.699765775
41.899124965,-87.76919207700001
41.748793106,-87.605170835
41.893990113,-87.70215557700001
41.915836614,-87.72652404799999
41.820856721,-87.700856505
41.896375946,-87.6242787
41.793912094,-87.674747204
41.837029582,-87.71615010200001
41.864493678,-87.639158
41.795415045,-87.699463776
41.78442153,-87.65340924700001
41.782137829,-87.665496141
42.001211339,-87.81368340799999
41.876076555,-87.73355373
41.881054386,-87.725678157
41.769231153,-87.56985482799999
41.974861952,-87.89037215100001
41.872682377,-87.71399343
41.895383688,-87.72442576200001
41.693470647,-87.620968194
41.725121234,-87.642594505
41.873092227,-87.643849175
41.910209871,-87.77274259200001
41.653352453000004,-87.60757872299999
41.733900315999996,-87.668179669
41.884682793,-87.71192752299999
41.762437557,-87.71114011700001
41.76559446,-87.621050648
41.896229141999996,-87.712678764
41.721635855,-87.630360614
41.883500186999996,-87.627876698
41.969443145999996,-87.688930773
41.884650262,-87.627915459
41.856922741,-87.733237178
41.692068753,-87.621042244
41.902200612,-87.760194649
41.787623196999995,-87.64863423700001
41.903438072,-87.734873623
41.794970935,-87.645174856
41.898061559,-87.750777034
41.65431533,-87.610129375
41.742602815,-87.549013067
41.69773816,-87.56148455200001
41.71375358,-87.628472366
41.890954095,-87.668918026
41.890689371,-87.750550207
41.964317034000004,-87.667777611
41.805756349,-87.66854096600001
41.72082451,-87.643197299
41.80169033,-87.703792065
41.836385231,-87.66571041
41.781296636,-87.615652218
41.975276551,-87.76739151299999
41.871509544,-87.739250697
41.89524241,-87.76540636200001
41.973265598000005,-87.65832905399999
41.773509032,-87.702260375
41.656787031,-87.597440303
41.871732887,-87.716547025
41.931519614,-87.806520829
41.772039059,-87.64324613299999
42.009390971,-87.67405250799999
41.854537081,-87.71241763
41.695306632,-87.624078564
41.859960338,-87.727430714
41.976762981,-87.900983721
41.88171846,-87.62776042600001
41.813548831,-87.639554305
41.881847601,-87.641772074
41.895896023,-87.677913394
41.745971061,-87.55521259
41.778712623000004,-87.683624874
41.901845588,-87.715544681
41.779520772,-87.660962362
41.889545405999996,-87.760443675
41.89172837,-87.72287752
41.881324928000005,-87.75631615
41.761288621,-87.66253455
41.783612502,-87.781484214
41.751041849,-87.54986317
41.773258879000004,-87.68347828600001
41.832278310999996,-87.611035696
41.875409038,-87.714293898
41.87458749,-87.709036495
41.899115521,-87.75570054399999
41.736142605,-87.58563143399999
41.783869954000004,-87.68376714
41.898922677,-87.73203234399999
41.754592961,-87.74152853700001
41.768918037,-87.620203755
41.87900312,-87.629339891
41.931582515,-87.742747165
41.878638996,-87.627691486
41.878576683,-87.723156929
41.876505346,-87.720687092
41.906279016,-87.773078217
41.893473257,-87.75677244100001
41.822345406,-87.697114364
41.877809197,-87.761734553
41.877491537,-87.760767989
41.876188516999996,-87.724582301
41.938145806,-87.680741039
41.867782229,-87.699604829
41.850957371999996,-87.73231293299999
41.872056087,-87.74627314700001
41.878860159,-87.72641866200001
41.736891246,-87.58723487200001
41.687002689,-87.664423416
41.728874139,-87.59858178799999
41.883256149,-87.734727818
41.88455919,-87.736217646
41.783836314,-87.618487501
41.75135862,-87.560164545
41.779276521999996,-87.615601416
41.76015578,-87.556752911
41.866810739,-87.625817031
41.783043256,-87.647300678
41.749986367,-87.56096524899999
41.873928489,-87.756180736
41.77125971,-87.568283777
41.792982898000005,-87.61714639600001
41.883191631,-87.70618385200001
41.892479421,-87.627443675
41.876227537,-87.721596698
41.782847397,-87.687850984
41.880399914,-87.75300855299999
41.694364332,-87.626589722
41.852731587,-87.701390474
41.820780888,-87.694591109
41.892640905,-87.750624288
41.703921814,-87.564453754
41.671635519,-87.63689300600001
41.708861741,-87.63452469399999
41.750547026,-87.597894925
41.721649055,-87.62937877200001
41.708130663,-87.56267501
41.79102128,-87.625202624
41.806752043,-87.667984156
41.769547802,-87.665161188
41.749899475,-87.663426378
41.693022265,-87.62791520399999
41.718151512,-87.575254386
41.7711605,-87.73996491700001
41.878916094000004,-87.721960292
41.795149916,-87.67190709200001
41.745303445,-87.60016439799999
41.874861396,-87.75397293700001
41.751488585,-87.586871623
41.756967469,-87.584114321
41.738349340999996,-87.55631220299999
41.850957371999996,-87.73231293299999
41.701315070999996,-87.626931073
41.781462605,-87.61323050899999
41.867163377,-87.718533097
41.891077128,-87.706418904
41.876105555,-87.73122916700001
41.876440216,-87.749269677
41.876709224,-87.75090489600001
41.893676531,-87.635628328
41.875272573000004,-87.62425131399999
41.890051565,-87.62891376
41.850136508,-87.691179331
41.893608624,-87.71782044
41.740473717,-87.55271041799999
41.739924086,-87.567274475
41.955133167,-87.80462423200001
41.960561949,-87.76071981700001
41.685593638,-87.650683608
41.885709644,-87.7655569
41.771950534,-87.685056838
41.878917763000004,-87.721758314
41.878916368,-87.72201169700001
41.695864114,-87.65319671
41.851829814,-87.637940541
41.865126866,-87.732481285
41.758173399,-87.56271797299999
41.925830441,-87.69255950200001
41.77015944,-87.618595379
41.866229446,-87.72093573299999
41.893693925,-87.70972461
41.76680404,-87.60561968299999
41.807796470999996,-87.66495095100001
42.018542803,-87.675963609
41.778482800999996,-87.67267965799999
41.965380265,-87.65905209299999
41.996692099,-87.699607698
41.868541914,-87.639235361
41.906301813,-87.77550626700001
41.880771366,-87.721990345
41.920434991,-87.75778644100001
41.880660786,-87.731186405
41.874422837,-87.625299815
41.773108025,-87.688362897
41.938979988,-87.766514359
41.88476485,-87.75277809100001
41.902437713000005,-87.687011559
41.87616575,-87.726502905
41.775129883000005,-87.66897831700001
41.890396818,-87.76778144299999
41.909509901,-87.754996996
41.818585099,-87.69452488399999
41.780521403,-87.683676278
41.684996717,-87.64860316299999
41.886399123000004,-87.707595757
41.801129799,-87.68249258
41.874310908000005,-87.72915677799999
41.868180939,-87.709271389
41.721663331,-87.5631507
41.982270338,-87.80694126200001
41.878931004,-87.63958562100001
41.976290414,-87.905227221
41.727707947,-87.551205466
41.708383427,-87.61745258200001
41.976290414,-87.905227221
41.868180939,-87.709271389
41.868180939,-87.709271389
41.868180939,-87.709271389
41.868180939,-87.709271389
41.868180939,-87.709271389
41.960639162,-87.75368556299999
41.868180939,-87.709271389
41.799718412,-87.723348144
41.725800408000005,-87.598136921
41.799875696,-87.603928993
41.835659225,-87.62335670700001
41.894169782,-87.721150046
41.976290414,-87.905227221
41.704681352,-87.616135016
41.697624892,-87.62086010200001
41.939898633,-87.754281422
41.809687513,-87.674970791
41.865677348,-87.723936757
41.752174882,-87.55182470700001
41.870355187,-87.630550934
41.899696637,-87.72011283799999
41.754168689000004,-87.60163575600001
41.905560871,-87.707864201
41.707519433,-87.601839023
41.917425774,-87.726571455
41.715801609,-87.639419832
41.793436078,-87.634134857
41.954881682,-87.66906693600001
41.961774694,-87.654913291
41.763466963,-87.597003321
41.871728876999995,-87.716822435
41.967500713,-87.717003013
41.736148121,-87.62907024299999
41.71902307,-87.620528559
41.808981361,-87.606551046
41.808981361,-87.606551046
41.929884549,-87.794212161
41.79826919,-87.723303209
41.782260070999996,-87.637541471
41.736922044,-87.55141976600001
41.808981361,-87.606551046
41.875318865,-87.72153559899999
41.883500186999996,-87.627876698
41.900905858,-87.719414364
41.924753527,-87.703256168
41.880158829,-87.64114032299999
41.833525580999996,-87.67904180299999
41.898209002,-87.72006462700001
41.807841109,-87.669810535
41.729801343000005,-87.664104162
41.885112119,-87.62448405299999
41.861579311,-87.692026663
41.769622124,-87.683379358
41.744534088,-87.560653171
41.762724090999995,-87.64677309
41.880239378,-87.765359297
41.871644673,-87.72418482399999
41.751300804,-87.562587625
41.924465814,-87.72833840000001
41.920900743000004,-87.720516139
41.857231735999996,-87.65885319
41.929743818,-87.684273777
41.910764867,-87.658120918
41.873144026999995,-87.725407949
41.798580184,-87.692713845
41.680950591,-87.539651245
41.844252757,-87.724943845
41.909664252,-87.742728815
41.841289747,-87.628142362
41.779768311,-87.71123292799999
41.764693821,-87.648038682
41.798781192,-87.672009116
41.788283961,-87.72302019700001
41.76915842,-87.68826316200001
41.766957927,-87.575097961
41.863439806,-87.710455548
41.851560618,-87.723887245
41.732821527,-87.58556004100001
41.655619608,-87.616375855
41.904370109,-87.631460067
41.792035958,-87.723123955
41.796087163,-87.723243221
41.768328861,-87.646925944
41.866401401,-87.706017559
41.884449075999996,-87.670615946
41.937696966,-87.725456809
41.927647323,-87.764494316
41.853582531,-87.724807719
41.862830724,-87.717095148
41.829776309,-87.626599252
41.963637299,-87.711991883
41.873699424,-87.704705156
41.774286137,-87.644992746
41.892684242,-87.72355890799999
41.751407191,-87.59380625200001
41.746212551999996,-87.66697525
41.889896392,-87.72258278700001
41.68811655,-87.63619905899999
41.781184105,-87.61564980600001
41.906132875,-87.66756675100001
41.893582363,-87.755548394
41.776892948000004,-87.68601893700001
41.899641943,-87.714012153
41.704586587,-87.560051343
41.744562816999995,-87.55839925299999
41.890079607,-87.62722402899999
41.796727559000004,-87.64522207600001
41.727462379,-87.608767414
41.824801580999996,-87.68680236600001
41.879747632,-87.726623245
42.016214989,-87.67248798700001
41.889492699,-87.755401618
41.764178266,-87.668655115
41.854400937,-87.725442321
41.77744548,-87.617264301
41.83826141,-87.699954886
41.751325905,-87.55289044700001
41.766831966999995,-87.656894065
41.858438035,-87.73227593
41.806391661999996,-87.64547078700001
41.703988426,-87.623430191
42.018244679,-87.690186314
41.780429045,-87.697085234
41.885619303,-87.756787976
41.909636288,-87.745300725
41.875747636999996,-87.755576874
41.983907443,-87.713784661
41.89191604,-87.70476162700001
41.968815819,-87.674618145
41.933436218000004,-87.645397373
41.707965349,-87.64286241399999
41.726910425,-87.60307711
41.881930077,-87.702322019
41.877209953000005,-87.71595091799999
41.68157034,-87.61949970399999
41.944884382,-87.649413269
41.695498515,-87.613450593
41.965426344,-87.655227542
41.885112119,-87.62448405299999
41.716673442,-87.681935225
41.978108446,-87.90412275799999
41.788339891,-87.740514226
41.733071886,-87.555478208
41.908414070999996,-87.638509704
41.880997916,-87.73058468
41.786027774000004,-87.642509465
41.917294117,-87.715774151
41.758338093,-87.562723332
41.756289871999996,-87.631972679
41.870951412,-87.707030485
41.889536899,-87.748952068
41.788539617,-87.652298678
41.880399914,-87.75300855299999
41.809648286999995,-87.691803943
41.871729291,-87.716899535
41.742048903000004,-87.56000875299999
41.777701473,-87.703106505
41.759991701,-87.628794934
41.878827778,-87.72912524899999
41.791380199,-87.724699662
41.980826277,-87.883611316
41.880658176,-87.731212135
41.858346536,-87.721187148
41.879752073,-87.72642491100001
41.922372151,-87.703367786
41.875889809,-87.710837717
41.993892087,-87.660388215
41.883659738,-87.632421239
41.912799877,-87.78398432899999
41.87851302,-87.76642477799999
41.765722065,-87.61466017299999
41.653330429,-87.6015084
41.96416436,-87.65668227399999
41.88117946,-87.68530896799999
41.758704087,-87.59292347700001
41.890419926999996,-87.723499644
41.89827066,-87.71518611299999
41.764171494,-87.59474833600001
41.894844546,-87.765971847
41.799620789,-87.65550410700001
41.888659061,-87.749015157
41.868541914,-87.639235361
41.858542789,-87.71275698
41.758125035,-87.605376887
41.762651876999996,-87.642965526
41.767245884,-87.630302793
41.880386082,-87.75407359100001
41.880716129,-87.72658103399999
41.897895128,-87.624096605
41.756640446999995,-87.663590843
41.98287878,-87.791440835
41.769070498000005,-87.626668445
41.880399914,-87.75300855299999
41.966053999,-87.657890403
41.765555981999995,-87.622814202
41.814162810999996,-87.60399434700001
41.884639962,-87.729099869
41.851830706,-87.700753338
41.784797051999995,-87.647333315
41.917233894,-87.720925992
41.897307280999996,-87.71363067200001
41.891376003000005,-87.6296411
41.855669299999995,-87.65635885399999
41.974717991,-87.67834885399999
41.786951542,-87.650133759
41.74332535,-87.721716592
41.795368851,-87.66705307
41.86821682,-87.6304532
41.855945707,-87.724877085
41.973284467,-87.656872589
41.799086480999996,-87.65378603100001
41.878222138000005,-87.62728848200001
41.954285394,-87.669403999
41.765218761,-87.614046316
41.712255334,-87.635692906
41.885901992,-87.632455489
41.881183104,-87.68498211
41.811155775,-87.752306108
41.923674171,-87.786051721
41.715903212,-87.61399210799999
41.753553084,-87.565749107
41.954669806999995,-87.66754712
41.729750347,-87.662888405
41.80066446,-87.587441769
41.823125769,-87.60272595100001
41.894491615,-87.718722846
41.895877613,-87.706566627
41.899093420999996,-87.71815712899999
41.879413544,-87.75223165700001
41.736625423,-87.60656135
41.898475258000005,-87.641824107
41.735066839,-87.650896405
41.975426398,-87.679382346
41.767998533000004,-87.62017728200001
41.879269694,-87.74339433799999
41.806069242,-87.668548735
41.875367745,-87.764686426
41.707947039000004,-87.641643073
41.860854013,-87.702283318
41.878916094000004,-87.721960292
41.780267983,-87.61396981799999
41.935432921,-87.668504341
41.738586479,-87.68868645299999
41.968815819,-87.674618145
41.784815438,-87.775427582
41.752865121999996,-87.563825944
41.745778658,-87.562496107
41.883500186999996,-87.627876698
41.861559271,-87.65976218
41.735998642,-87.648838439
41.883743485,-87.64125219700001
41.772907566,-87.68347083399999
41.860600554,-87.731760097
41.984120445,-87.820391448
41.741599328,-87.58917368700001
41.886169843000005,-87.620686081
41.881971063,-87.73195261
41.778754713000005,-87.61729739799999
41.855777147,-87.723623303
41.895429716,-87.719668825
41.784129348,-87.689873095
41.919283034,-87.758458174
41.878563206,-87.74798350299999
41.787310405,-87.705824834
41.751476233000005,-87.56501525
41.75894258,-87.634505751
41.77510701,-87.65195321200001
41.752554725,-87.566244756
41.880289396,-87.76161330299999
42.006895931,-87.67347485299999
41.885888079000004,-87.62794223799999
41.811418399000004,-87.66627785700001
41.793025031999996,-87.74223494200001
41.877407206,-87.74516665600001
41.677478385,-87.631057336
41.931763131,-87.75887533299999
41.807725209000004,-87.60579864299999
41.957641631,-87.75188916100001
41.709951097,-87.625979535
41.778877155,-87.70884010600001
41.751452878,-87.62456758100001
41.744544438,-87.559744289
41.716675447,-87.65757044600001
41.876227655,-87.721618728
41.776697291,-87.6104132
41.93125653,-87.767938829
41.889866694,-87.725260435
41.794566255999996,-87.70481159200001
41.709322857,-87.68170912299999
41.750333844000004,-87.66497202299999
41.882786809,-87.706929604
41.90412856,-87.69690919899999
41.997882428000004,-87.680877865
41.836315211,-87.71701198
41.754148242,-87.55468503700001
41.841855999,-87.628741678
41.907153315,-87.639680572
41.833486711999996,-87.683797774
41.671884429,-87.634496534
41.813588012,-87.703514166
41.753123079,-87.673218304
41.847506843000005,-87.72950814299999
41.747636666,-87.664582243
41.895389368000004,-87.723944549
41.843797156,-87.717211763
41.903969349,-87.764348214
41.91606038,-87.72163162700001
41.882364476,-87.667945751
41.867324065,-87.697145871
41.791615495,-87.659666195
41.908430535,-87.638509526
41.883209435,-87.764962093
41.747532335,-87.610641552
41.934501355,-87.797359696
41.918776618,-87.765884835
41.981675566999996,-87.80949864600001
41.961029065,-87.754818142
41.767813494,-87.66753988200001
41.872924943,-87.744991122
41.862405884,-87.714639603
41.705677781999995,-87.600944364
41.938585768,-87.765595312
41.878334186,-87.697179887
41.848139992,-87.69288762
41.901850234,-87.71896819
41.78534104,-87.73640216700001
41.954535555,-87.65122180200001
41.858442878000005,-87.711535552
41.880575602,-87.70203790299999
41.88200468,-87.694965864
41.871779347,-87.71396176
41.913989111,-87.68766290200001
41.890532455,-87.72350224600001
41.880715605,-87.726481891
41.885487535,-87.726422045
42.001552011,-87.70810595299999
41.724301047,-87.65788983700001
41.776920901,-87.682224139
41.88079176,-87.75018480700001
41.899081072,-87.719439188
41.747057814,-87.606330101
41.888579371,-87.751696869
41.774354421,-87.607052083
41.755383848,-87.64049993200001
41.749481945,-87.60301191200001
41.786291714,-87.664386014
41.897915974,-87.71761379
41.866766031,-87.722755263
41.748194489,-87.641530025
41.793899355,-87.675876822
41.803201891,-87.72198373
41.900965374,-87.647957338
41.904627359,-87.710301495
41.999533346999996,-87.67110442299999
41.666230657,-87.64031837299999
41.756751571,-87.56390413
41.953347206,-87.753027408
41.810289998,-87.61962035
41.926350455,-87.66818707799999
41.727013209,-87.59853705200001
41.744654208,-87.710084277
41.858442215,-87.707875716
41.889095963,-87.72223416799999
41.879866203,-87.766478915
41.884610265,-87.731806673
41.780653569,-87.67030354100001
41.885739108,-87.74577331100001
41.883869823000005,-87.703742478
41.823798151,-87.619756522
41.880951216,-87.737940425
41.736148121,-87.62907024299999
41.894076794,-87.72482383
41.887640628,-87.61934028299999
41.878931004,-87.63958562100001
41.866160304,-87.72600278200001
41.786632384,-87.620638155
41.868180939,-87.709271389
41.868180939,-87.709271389
41.76614207,-87.56794136799999
41.711714647,-87.642954141
41.933796108,-87.64454821700001
41.880399914,-87.75300855299999
41.880715353,-87.72643415600001
41.880660786,-87.731186405
41.722768379,-87.624410361
41.68995741,-87.637460623
41.953044506,-87.777256854
41.769473689,-87.665158292
41.793924612,-87.67358091700001
41.751573305,-87.64162567700001
41.958265994,-87.681638768
41.939898633,-87.754281422
41.894272651,-87.72605239399999
41.906507266999995,-87.76702211
41.933711645,-87.76997524299999
41.866148185,-87.726825268
41.910250275,-87.69382484
41.844000177,-87.628442902
41.694285511,-87.623152439
41.801445731,-87.65550321200001
41.982118473,-87.68939512899999
41.803201891,-87.72198373
41.780730426,-87.670306416
41.803201891,-87.72198373
41.866798227,-87.715434319
41.749414464000004,-87.73044659700001
41.877809197,-87.761734553
41.931484241,-87.750366435
41.877585867,-87.683123746
41.925177272,-87.714566332
41.892546106,-87.74817171299999
41.8796324,-87.736579313
41.735222965,-87.66061854200001
41.85102174,-87.618954852
41.806489442,-87.62276189299999
41.874466078000005,-87.76161012700001
41.751214876,-87.571098146
41.92046017,-87.67083136
41.748720576,-87.65056858700001
41.721763443,-87.621663126
41.754574833,-87.566290335
41.775299593,-87.644670291
41.864177046,-87.71535676399999
41.968815819,-87.674618145
41.779798546,-87.64164873899999
41.742710224,-87.63408818100001
41.917675506,-87.716784566
41.876581037,-87.74513751299999
41.851804072,-87.68563492
41.867251542,-87.639594427
41.855190551,-87.623871195
41.882470918,-87.627847625
41.880555964,-87.64192187
41.866331725,-87.666379171
41.76573974,-87.613538315
41.862983609000004,-87.703793233
41.740336364,-87.557552365
41.897895128,-87.624096605
41.820109279,-87.695217788
41.686436615,-87.632523193
41.865650668,-87.721499289
41.711176481,-87.535280142
41.78782098,-87.68509131399999
41.74719631,-87.60263838700001
41.680418425999996,-87.66243794799999
41.874060099,-87.705924314
41.902603223,-87.73056151899999
41.803365964,-87.622682706
41.762357396,-87.59302442799999
41.865627040999996,-87.704424457
41.891405304,-87.744035597
41.88663264,-87.75529151399999
41.834478708,-87.72306957299999
41.861985088000004,-87.71650855700001
41.884902405,-87.725788591
41.877578503,-87.629282088
41.762007536999995,-87.564819986
41.909676231999995,-87.667662189
41.877322742,-87.70688015299999
41.831881927,-87.61697712600001
41.900789881,-87.72963086700001
41.853375544,-87.733453865
41.74882124,-87.602685923
41.746493178,-87.550065054
41.887231852,-87.76427640700001
41.684819803,-87.647008859
41.878916368,-87.72201169700001
41.798071266,-87.70491303899999
41.790752055,-87.625601621
41.874153389,-87.735238688
41.776267726,-87.60583533
41.958440465,-87.65351846700001
41.866148185,-87.726825268
41.779276521999996,-87.615601416
41.778372418000004,-87.71039584100001
41.968465176,-87.707594883
41.88200117,-87.72932303
41.754918134,-87.56386739
41.858500235,-87.73472748200001
41.890358524,-87.722273552
41.969036052,-87.659138565
41.878916094000004,-87.721960292
41.893187629,-87.74429100399999
41.885786210999996,-87.716040958
41.820667721999996,-87.684195154
41.928195708000004,-87.722728408
41.750002321,-87.64645058200001
41.882786809,-87.706929604
41.758267684,-87.59078805799999
41.880997916,-87.73058468
41.68982596,-87.62626595299999
41.871256775,-87.730242957
41.748897215,-87.61123090299999
41.880660786,-87.731186405
41.877850151,-87.736342529
41.757756765,-87.59198877
41.758717293000004,-87.591567218
41.924100742,-87.75658496700001
41.915731808000004,-87.690617711
41.734942451,-87.658177709
41.760569231999995,-87.65035869799999
41.792735246,-87.693769501
41.753214416,-87.557005172
41.765861281999996,-87.65656336299999
41.976851851999996,-87.654999693
41.867123749,-87.721389788
41.777994582,-87.60464627799999
41.86519446,-87.727586886
41.751275763,-87.566227001
41.997973181999996,-87.67610177700001
41.744481028,-87.564607632
41.846926829000004,-87.69285200700001
41.751848142,-87.557468736
41.896370692,-87.717562519
41.951824354,-87.67713119
41.87887476,-87.701147654
41.721759131,-87.561068943
41.851171076,-87.71620504299999
41.817312715999996,-87.62629608299999
41.770986288,-87.582580182
41.815819594000004,-87.62625748
41.789754265999996,-87.711642425
41.838215436,-87.63340542600001
41.671810314,-87.634493675
41.784152641999995,-87.659472993
41.773550996,-87.62029907799999
41.923936046,-87.768723689
41.878049802,-87.754979637
41.872005323,-87.744933466
41.744925736,-87.624375538
41.881756669,-87.686445186
41.7690002,-87.57393020100001
41.861575073000004,-87.71527903
41.912271433,-87.76561180200001
41.880401860999996,-87.752850634
41.845746866,-87.70629277399999
41.786146534000004,-87.709803582
41.872274452,-87.76458166399999
41.904579870999996,-87.64069659799999
41.720367393000004,-87.536496089
41.793204683,-87.65970822799999
41.721194359,-87.66396636799999
41.776297035,-87.695762262
41.718707216999995,-87.537703369
41.878324086,-87.621133113
41.736245497,-87.628391362
41.881828579,-87.74417133899999
41.825392777,-87.63136941399999
41.757979905,-87.631448492
41.69128653,-87.719485759
42.017317514,-87.806571373
41.877498158,-87.760444798
41.888857441999996,-87.72589802
41.873733995,-87.702002425
41.871025414,-87.699510379
41.968464471,-87.65481289600001
41.755383848,-87.64049993200001
41.656839592,-87.59750557299999
41.90303914,-87.72631463100001
41.818585099,-87.69452488399999
41.803152803,-87.607464154
41.791072033,-87.621868761
41.753194126,-87.55847135100001
41.90653384,-87.771874717
41.928001461,-87.735882518
41.795212591,-87.654890454
41.71902307,-87.620528559
41.810800619,-87.603922445
41.856732269,-87.69436564200001
41.968609432,-87.65010458200001
41.875876362,-87.74525413
41.746110179,-87.662117256
41.767485391,-87.56649946200001
41.882874207,-87.76821133899999
41.903776151,-87.72040808700001
41.904624012,-87.731280885
41.770546841999995,-87.608158126
41.860199469,-87.71158461200001
41.867159363,-87.718808487
41.775144517,-87.683532573
41.890587337,-87.723501724
41.821877213,-87.695823925
41.868234132,-87.704934931
41.991859249,-87.68141758899999
41.757614433,-87.58611526600001
41.878244691,-87.754988896
41.809014313,-87.606554341
41.94820578,-87.797311084
41.882864085,-87.69950722899999
41.79054357,-87.780130326
41.936056367,-87.71730219
41.894961752,-87.751010889
41.952122708000005,-87.833404606
41.70809791,-87.621854148
41.778962111999995,-87.70379076299999
41.867081407,-87.619003708
41.821877213,-87.695823925
41.899838341999995,-87.73185845799999
41.881756669,-87.686445186
41.763877129,-87.60279004200001
41.899641943,-87.714012153
41.876725457,-87.69459980799999
41.895705766999995,-87.626409097
41.658679358,-87.610647771
41.750685943,-87.719209695
41.878525835,-87.750888401
41.811257522,-87.665039689
41.799124898,-87.653785625
41.699155715,-87.622106517
41.772999516999995,-87.64461057700001
41.76587359,-87.576294705
41.736657474,-87.604256395
41.918706913,-87.78774025700001
41.885369529,-87.74434079
41.86821682,-87.6304532
41.751210592,-87.60947522299999
41.903561493000005,-87.653509519
41.914338356,-87.63480814100001
42.019399236999995,-87.675049485
41.953924785,-87.707307
41.802656712,-87.61498478799999
41.880775433000004,-87.627029031
41.880368137,-87.755414074
41.735360682,-87.636300255
41.924065654,-87.759440461
41.863717639,-87.72387827200001
41.914691083,-87.700379148
41.899238706999995,-87.74590302700001
41.901206855,-87.772913179
41.895896023,-87.677913394
41.751291476999995,-87.60490439200001
41.78603009,-87.68870640600001
41.859860786999995,-87.7103618
41.77268594,-87.605758495
41.873635420999996,-87.71008118700001
41.685387789,-87.616426208
41.751266254,-87.60612136799999
41.883656549,-87.74906441200001
41.997544796999996,-87.700467444
41.876223613,-87.721890485
41.921753174,-87.65261462299999
42.018311737,-87.675866628
41.860226268000005,-87.707928079
41.791368386,-87.653588863
41.674025769,-87.622536973
41.875229772,-87.68625398200001
41.871140454,-87.725357174
41.900423863,-87.75502389200001
41.879632285,-87.736557282
41.872041238,-87.74766483299999
41.692466898,-87.68117628700001
41.879503218,-87.626763965
41.899648513,-87.71523159600001
41.751259643000004,-87.562588118
41.677155375,-87.629845553
41.79443126,-87.676751513
41.793508666,-87.797769504
41.754592961,-87.74152853700001
41.780389643,-87.683670275
41.772198824,-87.586301617
41.755848745,-87.63118950799999
41.768708598,-87.624942193
41.742710224,-87.63408818100001
41.692125515,-87.72036749899999
41.911089355,-87.64026986299999
41.851138127,-87.716201689
41.883500186999996,-87.627876698
41.880687495,-87.72895717200001
41.75054604,-87.600317297
41.742022008,-87.67172709100001
41.866148185,-87.726825268
41.772311378000005,-87.72081076799999
41.750301596,-87.60763477299999
41.789556377,-87.674175747
41.852882701,-87.63552860899999
41.662960706999996,-87.61769243799999
41.846961897,-87.72712396700001
41.863711531,-87.733665636
41.890022694,-87.75875365700001
41.92207353,-87.78359613100001
41.851557041,-87.68562640100001
41.932653278000004,-87.65308675
41.880658311,-87.731237838
41.847622186,-87.71000342100001
41.918711651,-87.76551063
41.812792243000004,-87.695569205
41.747738327,-87.717629054
41.779059693,-87.615596501
41.960428835,-87.65471064299999
41.735295836,-87.64237558200001
41.975407224,-87.773333307
41.740962033,-87.616266411
41.951844054,-87.811485501
41.986906834,-87.66959481399999
41.890793685,-87.750556605
41.982161273,-87.668500261
41.93468465,-87.746720868
41.852508778,-87.73038974100001
41.79321263,-87.722489382
41.858542789,-87.71275698
41.794911883000005,-87.767609507
41.749064315,-87.599058871
41.75418615,-87.55501442
41.771650915,-87.57472009600001
41.75418615,-87.55501442
41.75418615,-87.55501442
41.751219684,-87.66346029299999
41.75418615,-87.55501442
41.93447266,-87.702590858
41.85798879,-87.65413556700001
41.867671357,-87.69593454299999
41.997581245999996,-87.670458793
41.748747125,-87.60268309899999
41.876581037,-87.74513751299999
41.778951926,-87.70443613399999
41.78176815,-87.593083513
41.890224755,-87.63255147
41.863276227,-87.64205300200001
41.69223831,-87.612146881
41.772410563,-87.58383931799999
41.70664242,-87.665589539
41.902578035,-87.732038456
41.749422306,-87.665842667
41.738914367,-87.64491627299999
41.994569349,-87.658891221
41.776151397,-87.64165126700001
41.911789196,-87.644384413
41.814907114,-87.694407363
41.725718108,-87.558057945
41.933715324,-87.772408175
41.721773858,-87.578984755
41.879292686,-87.741462628
41.708029389000004,-87.56929028200001
41.795693378,-87.769714985
41.886145419,-87.686569846
41.876650547,-87.755587101
41.979006297,-87.906463155
41.879749600000004,-87.72647634299999
41.708183606999995,-87.65137856
41.727872616999996,-87.551207132
41.90271022,-87.721733355
41.852934738,-87.663629657
41.769185486,-87.625732415
41.885503844,-87.62793544799999
41.898225466,-87.72006447
41.867163377,-87.718533097
41.976421200000004,-87.904976266
41.898260753,-87.71640569
41.886760166,-87.650547713
41.772820267,-87.679692105
41.885487535,-87.726422045
41.895649146,-87.75562159100001
41.88173649,-87.751406401
41.836428389,-87.72433908
41.751708729,-87.568189818
41.891347345999996,-87.74934324
41.953173021,-87.767612828
41.755381400000005,-87.564609509
41.811074658,-87.70408901
41.766068630999996,-87.651715289
41.939898633,-87.754281422
41.948979271,-87.757011425
41.786741183000004,-87.66475535100001
41.872899225,-87.69446533600001
41.779798546,-87.64164873899999
41.841164277,-87.6171782
41.885384249,-87.707183335
41.747112831,-87.55280589
41.953174896,-87.767436349
41.976600325999996,-87.901514402
41.929404106,-87.643882534
41.893346855,-87.62347846899999
41.85390675,-87.681855019
41.703469274,-87.56572620200001
41.754168689000004,-87.60163575600001
41.752941866,-87.565041749
41.785187197,-87.608524835
41.68995741,-87.637460623
41.753455203,-87.646542039
41.855001925,-87.72647909700001
41.871648155,-87.723806615
41.855190551,-87.623871195
41.886136329,-87.66816368399999
41.71016625,-87.62839069700001
41.893346855,-87.62347846899999
41.893346855,-87.62347846899999
41.893346855,-87.62347846899999
41.78645765,-87.619015726
41.794352449,-87.66216423
41.850455293,-87.733385719
41.868180939,-87.709271389
41.704026401,-87.56573056100001
41.976290414,-87.905227221
41.6476691,-87.61723603
41.890021753,-87.75419588700001
41.867163377,-87.718533097
41.866741334000004,-87.722755498
41.976896425999996,-87.68261099200001
41.708099997,-87.621747919
41.77001096,-87.623417555
41.893346855,-87.62347846899999
41.893346855,-87.62347846899999
41.897895128,-87.624096605
41.802065071,-87.618684697
41.809076616999995,-87.63428025299999
41.866148185,-87.726825268
41.90302938,-87.731237091
41.785901963,-87.664375399
41.88233367,-87.62784179100001
41.978526568,-87.75708711
41.871887199,-87.70401796200001
41.766174746,-87.582878208
41.948533921,-87.647988403
41.722141573,-87.55107150399999
41.911590736,-87.73531182
41.656844251,-87.60513165399999
42.019399236999995,-87.675049485
41.691413679,-87.66882624600001
41.750832464,-87.605224746
41.871860592,-87.707183161
41.754592961,-87.74152853700001
41.783998949,-87.683769505
41.940340367,-87.699702863
41.894945606,-87.75487497700001
41.894947906,-87.754786805
41.903996883000005,-87.64323023799999
41.898241544,-87.716405874
41.87173429,-87.716297342
41.803365964,-87.622682706
41.809434463,-87.613133735
41.944351472,-87.705526015
41.978991238,-87.65994197200001
41.700499127,-87.54134435899999
41.754648923000005,-87.566289453
41.726136224,-87.573819759
41.888982137,-87.7504886
41.90690686,-87.74604947899999
41.771996762,-87.68013671
41.874585824,-87.70923478799999
41.704662143,-87.61613523
41.882112125999996,-87.711041724
41.872638542,-87.71655667700001
41.862218265,-87.639087164
41.802009404,-87.62209620600001
41.876048425,-87.73605453200001
41.920563166,-87.747857016
41.707095328,-87.628834415
41.735172471,-87.703016838
41.735857166,-87.624152861
41.749460005,-87.72089612
41.932738985,-87.648117094
41.743848268,-87.68398014
41.808825014,-87.632621378
41.854326998000005,-87.65536726
41.781505154,-87.610828505
41.750620044,-87.64557546299999
41.736795974,-87.650933059
42.002587878,-87.673530406
41.862218265,-87.639087164
41.959239131,-87.653535714
41.899105026,-87.716739169
41.683361974,-87.634163683
41.852839662,-87.62669411700001
41.923990611,-87.765320515
41.909575372,-87.750036794
41.909150732,-87.72894959999999
41.849119497,-87.700277216
41.715238973000005,-87.573468261
41.869685684000004,-87.71552767200001
41.938789158,-87.74978534200001
41.868165405,-87.62743954
41.703640621999995,-87.535285448
41.880051337,-87.753540489
41.665947073000005,-87.637894906
41.939943264,-87.651924995
41.687767975999996,-87.620976192
41.798567948,-87.68905386799999
41.714071885,-87.65398271
41.917407385,-87.70579017
41.883500186999996,-87.627876698
41.802896505999996,-87.606425428
41.883500186999996,-87.627876698
41.754277608,-87.555552055
42.02025525,-87.67072752600001
41.81070701,-87.67520978399999
41.880399914,-87.75300855299999
41.831020551,-87.62588473299999
41.779802622,-87.64141404799999
41.87086201,-87.714330429
41.780818819000004,-87.664252246
41.781823568,-87.694688236
41.946526695,-87.71547004899999
41.885342324,-87.710070246
41.751259183,-87.56744388799999
41.893281677,-87.627596446
41.810386799,-87.750567036
41.718203237,-87.643122785
41.722448807,-87.576874247
41.779310448000004,-87.67439434100001
41.909664252,-87.742728815
41.876581037,-87.74513751299999
41.890793685,-87.750556605
41.845619029,-87.707508832
41.873635420999996,-87.71008118700001
41.668258146999996,-87.64158861700001
41.750212035,-87.674768971
41.702772017,-87.56241674799999
41.73353862,-87.65327202299999
41.921606937,-87.66556500600001
41.780528008000005,-87.59568625200001
41.889760548000005,-87.627998797
41.877557125,-87.755780893
41.945802872,-87.80702447799999
41.937701841,-87.682296582
41.938653007,-87.80677086
41.846660545,-87.724627418
41.880599871,-87.736338968
41.890358524,-87.722273552
41.830697249,-87.61447689100001
42.020762893000004,-87.670722255
41.840216284,-87.706130251
41.76598634,-87.595310346
41.742529165,-87.66688508700001
41.677478385,-87.631057336
41.907470043000004,-87.67292007299999
41.795652442,-87.619247355
41.805110115,-87.74798136700001
41.997765118000004,-87.68779530100001
41.746784577,-87.602624733
41.750281486999995,-87.669194279
41.749318354,-87.668266062
41.871150923,-87.687069825
41.746926625,-87.60511497200001
41.999311401,-87.70384192200001
41.880856403,-87.701201565
41.755043038000004,-87.663552476
41.752896641,-87.559937193
41.955188193000005,-87.751867345
41.90316534,-87.629210442
41.778795964000004,-87.71412037799999
41.686654673,-87.613194069
41.910888011,-87.67747348799999
41.925174426,-87.666508943
41.891194501,-87.646805729
41.969360298000005,-87.65967937299999
41.840702608,-87.623264261
41.954908884,-87.705602555
41.741826583000005,-87.56000409200001
41.895457291,-87.716619992
41.689821778,-87.626478351
41.871883761999996,-87.704392501
41.799796042,-87.620972755
41.794088699,-87.631799109
41.759945107,-87.574923958
41.910490112,-87.75021583200001
41.911355377,-87.75417575600001
41.914282626,-87.77224402200001
41.778099133000005,-87.633828531
41.989581611,-87.655368494
42.013033459,-87.668035334
41.908261139000004,-87.76708375700001
41.784093674,-87.689873451
41.881955497,-87.699960545
41.902905441,-87.74598696700001
41.909770287,-87.73511573200001
41.721649055,-87.62937877200001
41.88096768,-87.737940272
41.877101586,-87.724437775
41.914781622,-87.713454309
41.721938320999996,-87.611422927
41.899472986,-87.752035135
41.879048905,-87.755018365
41.722946244,-87.614169976
41.709590456,-87.62356999
41.883604489,-87.73311609999999
41.712228071999995,-87.620076235
41.995305581,-87.660428505
41.909478881,-87.757561575
41.893346855,-87.62347846899999
41.803858449,-87.655122012
41.81070701,-87.67520978399999
41.778532063,-87.68227016899999
41.863753331999995,-87.723881605
41.789629028,-87.672968585
41.863753331999995,-87.723881605
41.880658176,-87.731212135
41.859820447,-87.734770234
41.757614433,-87.58611526600001
41.879196215,-87.725618649
41.695982095,-87.59665314200001
41.834414238,-87.718186105
41.780475587,-87.675145024
41.659111371,-87.61564914
41.67443174,-87.616320857
41.76559446,-87.621050648
41.964506409,-87.65095367
41.791299857,-87.659658499
41.993153108,-87.675879153
41.988630807,-87.812829371
41.778768071,-87.655694415
41.94749555,-87.785215756
41.79184046,-87.63484160200001
41.871884998,-87.70411711700001
41.985322251,-87.66986506399999
41.704385946,-87.626926757
41.880446279000004,-87.626162366
41.711511535999996,-87.64294898899999
41.908673366,-87.74482463
41.766298856,-87.570058212
41.895429205,-87.71957333299999
41.903766241999996,-87.68951079799999
41.742217788000005,-87.66808650799999
41.783979771999995,-87.6102764
41.931582515,-87.742747165
41.69203308,-87.62104263799999
41.793787705,-87.625678241
41.734597261,-87.551367361
41.863642218,-87.627331436
41.840565491999996,-87.62684018700001
41.839804007,-87.62796417700001
41.863196881,-87.614817819
41.899101884000004,-87.71717630799999
41.879336358,-87.758159051
41.764682386,-87.66378579200001
41.773556277,-87.664056445
41.742710224,-87.63408818100001
41.80169033,-87.703792065
41.808645557,-87.661846328
41.922072105,-87.77139678799999
41.890551663000004,-87.723502064
41.882457198000004,-87.62784777600001
41.695227607,-87.66115631
41.892753031,-87.62419389600001
41.876223867,-87.721938217
41.829868313,-87.613135895
41.87975026,-87.72660118700001
41.880127478,-87.77218304899999
41.751305454000004,-87.60364723
41.873235211,-87.713206021
41.8865745,-87.765086511
41.976851851999996,-87.654999693
41.853582826,-87.63332966899999
41.779310448000004,-87.67439434100001
41.764376776999995,-87.70340186700001
41.836385231,-87.66571041
41.727510323000004,-87.55120053600001
41.775659328,-87.586294455
41.761318711,-87.61837828
41.774260471999995,-87.62274746799999
41.706378551,-87.650112208
41.738539969,-87.72030372100001
41.884455018000004,-87.72577446700001
41.744731508,-87.64386842200001
41.75313973,-87.56262426299999
41.788414065,-87.66079977
41.861559271,-87.65976218
41.878284801999996,-87.714255129
41.815162423000004,-87.668788531
41.75538562,-87.722049231
41.875272573000004,-87.62425131399999
41.781666432,-87.599471659
41.76062688,-87.65036175200001
41.751438412,-87.552889084
41.860060454,-87.718898486
41.751196772,-87.68287629299999
41.816039143000005,-87.62625873399999
41.972760871999995,-87.701268142
41.894945606,-87.75487497700001
41.726903420999996,-87.59853464
41.688393658,-87.61567891
41.878915957,-87.721934589
41.749853838,-87.65008383799999
41.753602854,-87.554387446
41.694309334,-87.620794172
41.861559271,-87.65976218
41.676008726,-87.64076987700001
41.76624848,-87.575714801
41.930547091,-87.744719161
41.879503218,-87.626763965
41.751457646,-87.552892516
41.884790951,-87.624469241
41.974817339,-87.713541791
41.870973712,-87.736468934
41.724848181999995,-87.609382903
41.859860786999995,-87.7103618
41.905045591,-87.74914495200001
41.693588725,-87.612179395
41.752563264,-87.58333363
41.656413759,-87.609535041
41.924198896,-87.749400191
41.656911096,-87.609631935
41.823118004,-87.70686581700001
41.872064886,-87.74531109799999
41.765497339,-87.58631338299999
41.97887761,-87.657883624
41.980541125,-87.77322948
41.74897083,-87.68282180700001
41.755513816,-87.642943074
41.850025388,-87.683134989
41.749982305,-87.644024788
41.873635420999996,-87.71008118700001
41.883500186999996,-87.627876698
41.729333113,-87.60602075899999
41.913303703000004,-87.74444776200001
41.751396243,-87.59466392600001
41.788539617,-87.652298678
41.917081537,-87.733129516
41.877566857,-87.68461474899999
41.832027756,-87.620567781
41.720494483,-87.56687891799999
41.780243493,-87.615319321
41.861683877,-87.723827836
41.759119282,-87.63694117899999
41.879709164,-87.77137885200001
41.930039752,-87.72374716
41.924037759,-87.761549941
41.870927379,-87.726060463
41.75648215,-87.62085088299999
41.877072569,-87.726733001
41.945125161,-87.654843556
41.760571454,-87.644296326
41.934151848,-87.73810741700001
41.977892892,-87.80386229
41.893990113,-87.70215557700001
41.766020383000004,-87.680743505
41.897255696,-87.73600388700001
41.89307048,-87.726016035
41.684789785999996,-87.66331509999999
41.846436811,-87.696523392
41.750169618,-87.662221556
41.669672932,-87.636829977
41.880399914,-87.75300855299999
41.937462699,-87.756648355
41.902720203,-87.72051736799999
41.815001954,-87.688298582
41.794970891,-87.692614101
41.871734428,-87.71632304200001
41.874180626,-87.66785807
41.826306349,-87.64355523
41.902740660999996,-87.718184568
41.873635420999996,-87.71008118700001
41.865397377,-87.64066077700001
41.761207281,-87.58620187
41.789911562,-87.701740163
41.978526568,-87.75708711
42.007919177,-87.665351128
41.888659061,-87.749015157
41.888657083000005,-87.749165751
41.75487651,-87.568731254
41.931045116,-87.78259667399999
41.874441970999996,-87.720743516
41.902678812,-87.72563846700001
41.883258434,-87.734639662
41.767561597,-87.68200353799999
41.753807493000004,-87.645336203
41.752212076999996,-87.66093226299999
41.779827581,-87.605916085
41.771357512,-87.67248883399999
41.878254507,-87.68635566
41.797167289,-87.67196336299999
41.906521291,-87.630066251
41.759867891999995,-87.590831919
41.864276496,-87.65983278200001
41.943351522,-87.771537116
41.754592961,-87.74152853700001
41.765997125,-87.66382344
41.765102317,-87.62489755799999
41.655820062,-87.59600588100001
41.777575327,-87.60951977799999
41.866098236,-87.730368538
41.744614234000004,-87.554639013
41.856790413,-87.70842407100001
41.875046346,-87.627620853
41.706265546,-87.62287778700001
41.742710224,-87.63408818100001
41.844580016,-87.70168723
41.873279116,-87.71320559600001
41.877017083,-87.731312409
41.946648722,-87.702084879
41.726591198,-87.606399702
41.804106469000004,-87.658559743
41.86821682,-87.6304532
41.931582515,-87.742747165
41.742710224,-87.63408818100001
41.883296482,-87.73141871799999
41.882751494000004,-87.71002198
41.851285395,-87.69297369899999
41.938888606,-87.787296275
41.906443068,-87.74604638299999
41.75281197,-87.707363025
41.924523024,-87.72359022299999
41.784294839,-87.71195916399999
41.721681725,-87.627099997
41.909664252,-87.742728815
41.780217525,-87.61687415600001
41.861644784,-87.733604184
41.747332328,-87.54917170899999
41.865223166,-87.657480597
41.878892943000004,-87.723800197
41.792100727,-87.624020951
41.781989896,-87.68860021399999
41.769185486,-87.625732415
41.866784506,-87.71543445100001
41.901142384,-87.753298303
41.911866243,-87.63668674600001
41.898205851,-87.716402545
41.852784246,-87.697506535
41.965574629,-87.70944696
41.871368255,-87.725362359
41.843396113000004,-87.73425906899999
41.879605314,-87.738764445
41.682315718000005,-87.66260128100001
41.675371892,-87.62498562799999
41.779276521999996,-87.615601416
41.76240870000001,-87.67589782600001
41.859063131999996,-87.706999665
41.898767916,-87.62411633299999
41.778767525999996,-87.683627986
41.751452878,-87.62456758100001
41.788625550999996,-87.660361202
41.651505332,-87.61059989600001
41.691878781,-87.61961641
41.899786825999996,-87.716457119
41.89805765,-87.716400298
41.67443174,-87.616320857
41.88104652,-87.69934892799999
41.883500186999996,-87.627876698
41.761512092,-87.605470557
41.977461619,-87.669648772
41.764767468,-87.624890245
41.88992085,-87.75052413899999
41.765755571,-87.57629242700001
41.937970041999996,-87.692901089
41.909664252,-87.742728815
41.894208531,-87.72482625200001
41.83894236,-87.650219566
41.878784184000004,-87.701144875
41.891199446,-87.624137626
41.798622304,-87.69881970899999
41.74411277,-87.55030651700001
41.752378369,-87.55148141299999
41.766247426999996,-87.666280449
41.784366648,-87.653409827
41.774918835,-87.673786731
41.87846497,-87.755680918
41.893140033,-87.62420430700001
41.749514382,-87.555276075
41.716209583,-87.59822426
41.730093742,-87.549337438
41.813803156999995,-87.70471526200001
41.76404927,-87.668652781
41.684547084,-87.648216209
41.923976215,-87.76629441600001
41.690254625,-87.62102198299999
41.75033427,-87.665045312
41.858954003,-87.71675426799999
41.923870246,-87.658409009
41.822012951,-87.70451756799999
41.656683249000004,-87.615749285
41.918711651,-87.76551063
41.999696723,-87.688717592
41.90618568,-87.77307168600001
41.761810937,-87.628756706
41.861559271,-87.65976218
41.902646723000004,-87.727875864
41.75808173,-87.573677767
41.69941558,-87.623301059
41.899419143,-87.76429677899999
41.750843608000004,-87.60395296600001
41.747429012,-87.67185114
41.895643679,-87.766640604
41.866235210999996,-87.720473094
41.878919959,-87.72165547700001
42.016035274000004,-87.668927703
41.748182268,-87.650035601
41.758505235,-87.60952153299999
41.924492457,-87.726107642
41.820317634,-87.61128752399999
41.892497624,-87.72355701
41.918010355999996,-87.73758872299999
41.800447539000004,-87.69887138600001
41.949292379,-87.64954627899999
41.781500367,-87.614440016
41.669978442,-87.62842304899999
41.729578029,-87.659234019
41.91303904,-87.764899594
41.924551086,-87.721127945
41.751016954,-87.57353385799999
41.837489008,-87.646264459
41.881185703,-87.684956378
41.92280468,-87.714273246
42.007822658,-87.670952227
41.841381539000004,-87.62522013600001
41.897694011,-87.721266986
41.974767539,-87.76656489700001
41.743087268000004,-87.66234294600001
41.814835811,-87.69195393700001
41.886807703,-87.763413465
41.979998966,-87.79880621
41.943743409,-87.707748453
41.788987036,-87.74147999
41.935262024000004,-87.79805897799999
41.746698961,-87.60383498
41.886493289,-87.700242574
41.690100049,-87.660492085
41.880741173000004,-87.72457214100001
41.889063033,-87.722234482
41.808659638,-87.660969527
41.783944066,-87.683770059
41.68995741,-87.637460623
41.876418575,-87.696167086
41.902287711,-87.752406329
41.938633521999996,-87.761945162
41.810753148,-87.748135411
41.914781622,-87.713454309
41.871436208,-87.71802586
41.755633716999995,-87.644173224
41.695982095,-87.59665314200001
41.866184155,-87.72428806
41.764646721,-87.722390196
41.880658176,-87.731212135
41.973284641,-87.65690200700001
41.792988031,-87.66821086600001
41.870825868000004,-87.716794397
41.782823129,-87.689394839
41.719068796,-87.63829680200001
41.899674421,-87.729905845
41.980303543000005,-87.798799985
41.964466449,-87.65346911700001
41.717643666,-87.62735665299999
41.737750767,-87.604855911
41.891347980999996,-87.74946810799999
41.880741173000004,-87.72457214100001
41.901451199,-87.71773410700001
41.879464794,-87.748272712
41.855972018,-87.72362879299999
41.845157343000004,-87.725269253
41.878328618000005,-87.68635858399999
41.757625704,-87.629623469
41.727676901,-87.66404561600001
41.810693516,-87.68392905399999
41.868054413,-87.632617432
41.7942015,-87.75501162200001
41.773040679,-87.644610137
41.778864596,-87.6642029
41.877906388,-87.731344454
41.926774014,-87.72683566
41.997715629,-87.69071312700001
41.938862651,-87.744293525
41.874370513,-87.724335186
41.697323890999996,-87.65968446
41.751260619,-87.67194739899999
41.99799814,-87.81252863200001
41.966511392,-87.719814464
41.823798151,-87.619756522
41.965324864,-87.66318192600001
41.967588645,-87.649192535
41.78954568,-87.60341173399999
41.758868246,-87.57683885600001
41.881203182,-87.647342333
41.738254651999995,-87.702074363
41.762165954000004,-87.588455936
41.899696637,-87.72011283799999
41.795099457,-87.66461348200001
41.901671549,-87.728733616
41.829003741,-87.640326761
41.769224555,-87.621395397
41.766269998,-87.573155971
41.976851851999996,-87.654999693
41.799580705,-87.586211061
41.909746301999995,-87.73683529200001
41.734866441,-87.54577681
41.862432263,-87.731482281
41.701098117,-87.61847449700001
41.710886812,-87.618424652
41.785678771,-87.68625690399999
41.783321468000004,-87.599507785
41.767977525999996,-87.646915026
41.751295353,-87.664672535
41.858963386,-87.715946584
41.855837518,-87.723622729
41.953443342,-87.74495704799999
41.866225191,-87.721167065
41.887227636999995,-87.76453352
41.727264747,-87.60702220799999
41.772129368,-87.620285495
41.849272856999995,-87.71126834200001
41.873545204,-87.764614459
41.957730841,-87.654636325
41.739265865,-87.604893749
41.99487809,-87.697109475
41.789204622,-87.70343754299999
41.805542327,-87.650303066
41.880612882,-87.773240047
41.799033311,-87.66107383100001
41.882389156,-87.624374606
41.867251542,-87.639594427
41.89854967,-87.75997384899999
41.890494723,-87.72105292100001
41.747788011,-87.55524561700001
41.926261042,-87.76606839799999
41.777689054,-87.634987853
41.79043947,-87.762221708
41.886136329,-87.66816368399999
41.865381927,-87.709294938
41.939588343000004,-87.65038506399999
41.735983645,-87.650007372
41.765025476,-87.576275351
41.751832643,-87.55883221399999
41.735424929000004,-87.655758188
41.844252757,-87.724943845
41.972493154,-87.711034276
41.758214815,-87.62411933799999
41.923976215,-87.76629441600001
41.876227655,-87.721618728
41.924603405999996,-87.773311117
41.909664252,-87.742728815
41.755968827,-87.652972977
41.677173573000005,-87.641888492
42.005919796,-87.66366116100001
41.782427848000005,-87.66064233700001
41.977290040999996,-87.67944051
41.830045077,-87.66555614
41.892838004,-87.77313692799999
41.87891831,-87.72186112600001
41.660383992,-87.55319905399999
41.879642118,-87.720704868
41.862983609000004,-87.703793233
41.880597909,-87.73648954299999
41.660383992,-87.55319905399999
41.752340945,-87.583328889
41.660383992,-87.55319905399999
41.899102755,-87.716827348
41.757847658,-87.61669420700001
41.721220015,-87.62743838799999
41.852292789,-87.635997504
41.89503421,-87.744233634
41.772074324,-87.674017498
41.673207966,-87.61767410899999
41.722281972,-87.66270230399999
41.86821682,-87.6304532
41.918711651,-87.76551063
41.67736022,-87.641893815
41.721220015,-87.62743838799999
41.917157621,-87.727239029
41.834442323000005,-87.642968829
41.780277113000004,-87.68366774399999
41.717030109,-87.535280982
41.698725595999996,-87.65583963899999
41.923637978,-87.789987521
41.759340847,-87.586153882
41.751329969000004,-87.601030331
41.666023001,-87.639105514
41.921253704,-87.729122007
41.867436116,-87.702035022
41.96137851,-87.65474101
41.720056879,-87.55242644
42.00820667,-87.673781419
41.875417143,-87.713761405
41.793620102,-87.69794125700001
41.755808108000004,-87.663922016
41.85147245,-87.730058121
41.859942906,-87.726208455
41.970053608,-87.65764590200001
41.923140598,-87.76103983700001
41.942026744,-87.82034669299999
41.930693524,-87.710066278
41.968511525,-87.70152710299999
41.996546854,-87.69716275
41.680925914,-87.63476479
41.751452878,-87.62456758100001
41.773842159000004,-87.644634557
41.808490095,-87.677690034
41.876198284000004,-87.723836819
41.778682914,-87.66175570200001
41.910302064,-87.68885364
41.887325465,-87.758278365
41.782361812,-87.687390207
41.923636898000005,-87.726747784
41.847565598,-87.64574925299999
41.695216668,-87.634027985
41.940480443,-87.65412460700001
41.748923529,-87.567405688
41.921771477,-87.727911891
41.727590123,-87.585023579
41.740789609000004,-87.65104467100001
41.909605035,-87.747777145
41.696130729000004,-87.63135976
41.761594476999996,-87.64236841700001
41.822728151999996,-87.60666709799999
41.993908399,-87.787528861
41.771011574,-87.591117661
41.699291138,-87.607337066
41.781392085,-87.612050702
41.995290786999995,-87.658375943
41.747309169,-87.59539237799999
41.663435018,-87.623370775
41.866553216999996,-87.734982784
41.703663843,-87.564453166
41.920577105999996,-87.746824378
41.778435506,-87.686065751
41.928044486,-87.662201542
42.007861864,-87.668714726
41.771604331,-87.661576596
41.87736877,-87.74516333700001
41.740728623,-87.66683775
41.968302904,-87.76504470299999
42.008432156,-87.670051794
41.984301039,-87.658035951
41.867251542,-87.639594427
41.920170137,-87.698675203
41.895074928,-87.742011123
42.015789076,-87.806587666
41.730207208,-87.60841417799999
41.864217865,-87.702173146
41.721303358,-87.655873595
41.750490827,-87.65430247399999
41.866202441,-87.723080029
41.816455303000005,-87.598557379
41.866202441,-87.723080029
41.852089006,-87.623784345
41.775709694,-87.64076147799999
41.740623924,-87.652259253
41.878367594000004,-87.763102904
41.87695313,-87.73640962799999
41.873699424,-87.704705156
41.883565975,-87.749061565
41.89964517,-87.717674316
41.901729931999995,-87.726275604
41.931640316999996,-87.738527673
41.884493169,-87.719531117
41.832265811999996,-87.671352655
41.897870178000005,-87.76074026200001
41.880660786,-87.731186405
41.902960623,-87.69266699799999
41.90624058,-87.77307487899999
41.8716487,-87.723909415
41.864217865,-87.702173146
41.883872328,-87.70620657299999
41.966464417,-87.658150815
41.925974924,-87.80265286
41.841776015,-87.70983997
41.945005756,-87.64584275899999
41.88447178,-87.743732081
41.875697139,-87.63532087600001
41.791776655999996,-87.651167968
41.880744831,-87.724226926
41.966164170999996,-87.657959103
41.873115115,-87.745687
41.804847175999996,-87.62434618399999
41.920118486,-87.69727577299999
41.879684716,-87.73187857399999
41.733157789,-87.549944988
41.872640478,-87.71640612
41.773220923000004,-87.66161105200001
41.752542654,-87.57600793
41.73365047,-87.557845321
41.896080921,-87.71267285299999
41.735552747,-87.55183939700001
41.77878723,-87.67984416
41.779112173,-87.693695901
41.874974798000004,-87.725475051
41.793669875999996,-87.66370422
41.908074477,-87.726770227
41.908074477,-87.726770227
41.754802500000004,-87.558503315
41.704059354,-87.565733832
41.688218178,-87.537357913
41.701622807,-87.62922738700001
41.867266901,-87.71379605
41.886755666999996,-87.76509592299999
41.867191464,-87.71609504700001
41.878058961,-87.743827751
41.778817579,-87.77397638299999
41.783601519,-87.606001759
41.760400616999995,-87.672201752
41.931582515,-87.742747165
41.810062676,-87.616607709
41.881949766,-87.64736739700001
41.951463521,-87.661713298
41.909826171999995,-87.765582036
41.85731408,-87.658855995
41.860132948,-87.707925318
41.774835159,-87.612795064
41.884492033,-87.74180024
41.757614433,-87.58611526600001
41.810062676,-87.616607709
41.896170931,-87.715114536
41.867658905999996,-87.697153565
41.867428687,-87.626342565
41.71119548,-87.603353891
41.750262504,-87.595464829
41.902008712,-87.774713457
41.877341328,-87.745163588
41.97551745,-87.729569215
41.703921814,-87.564453754
41.752499805999996,-87.55077629799999
41.758209097,-87.56272121100001
41.867251542,-87.639594427
41.735158582,-87.638727889
41.733686278,-87.55502382
41.762640413,-87.56466215399999
41.865464029,-87.721493726
41.807841109,-87.669810535
41.784732216,-87.64612768100001
41.879783007,-87.773012281
41.904427691,-87.729431291
41.891672689,-87.75670416
41.770742819,-87.576424413
41.889894019,-87.72265259
41.895422171999996,-87.720311667
41.749532636,-87.59633804100001
41.898093324,-87.716399955
41.704700641,-87.620558604
41.792393362,-87.65150246700001
41.856983106,-87.729048262
41.785186531,-87.632746831
41.757485413000005,-87.58610943299999
41.896127078,-87.663736891
41.769217319,-87.68458948
41.79006908,-87.654768679
41.913157898,-87.80591133200001
41.823528604,-87.703163605
41.734845567,-87.559670169
41.882786809,-87.706929604
41.780481228,-87.664244756
41.727583098000004,-87.668688106
41.874396777,-87.710808143
41.868518128000005,-87.624113021
41.865362129,-87.71783078899999
41.671775999,-87.650240324
41.802062624,-87.618732403
41.853172458,-87.70773252
41.752662035,-87.563824705
41.734584273,-87.55551858
41.784727513,-87.615734956
41.902579605999996,-87.774168494
41.944567545,-87.64278553700001
41.88171846,-87.62776042600001
41.881949766,-87.64736739700001
41.880094860999996,-87.737911653
41.878891251,-87.72399850299999
41.756105814,-87.602874515
41.954478327,-87.833022236
41.856790413,-87.70842407100001
41.880171918,-87.74060625899999
41.880596844,-87.7368127
41.921658930999996,-87.72790560600001
41.898093324,-87.716399955
41.748897818,-87.610017914
41.88173675,-87.751457809
41.754592961,-87.74152853700001
41.882100521,-87.68513074
41.752812741999996,-87.566252678
41.793800951,-87.688045468
41.891926745,-87.76528147799999
41.894513704,-87.712625587
41.81055439,-87.62287103
41.987935017,-87.656750608
41.728538951,-87.66128175799999
41.769299543,-87.61756384899999
41.748458232,-87.605159961
41.758991698,-87.56607280600001
41.776425255,-87.59610721700001
41.963529694,-87.660288652
41.89391029,-87.69024152700001
41.855797220999996,-87.679383805
41.956320835,-87.72524309200001
41.823458129,-87.68897683600001
41.757614433,-87.58611526600001
41.699431013,-87.620917064
41.918711651,-87.76551063
41.723886129,-87.58515081200001
41.888993854,-87.62693483299999
41.773156803,-87.72549519
41.780647448,-87.66545661
41.938584005,-87.765793802
41.750824399,-87.60395318399999
41.796621591,-87.678262097
41.993908399,-87.787528861
41.919571477,-87.71929059899999
41.773168419,-87.665314244
42.019399236999995,-87.675049485
41.821761251999995,-87.700660497
41.684868785,-87.65805713299999
41.902934844,-87.726311945
41.852059359,-87.732082388
41.817344457,-87.694977435
41.75093086,-87.626251763
41.881270277,-87.71471470899999
41.891613009000004,-87.63204782
41.897895128,-87.624096605
41.79002675,-87.64626181700001
41.7952482,-87.643360273
41.773156803,-87.72549519
41.947183891,-87.68826909100001
41.897027463,-87.772369376
41.683991503,-87.659146276
41.736259984,-87.62806878200001
41.878916094000004,-87.721960292
41.858269295999996,-87.72369140200001
41.78142822,-87.625359512
41.921606937,-87.66556500600001
41.920795315999996,-87.70707976899999
42.011336783000004,-87.692007414
41.939005492,-87.73371787200001
41.733161758,-87.551333481
41.909793281999995,-87.67655155
41.877289171,-87.745160395
41.949158194,-87.699325137
41.950766312,-87.701816333
41.876512415,-87.74513447
41.877729043,-87.720642357
41.930957788,-87.68786297700001
41.886322717,-87.61002328100001
41.903125763,-87.632160622
41.708111762,-87.563949708
41.925593163,-87.63991079899999
41.882164833000004,-87.770729386
41.975099794,-87.679374655
41.87102983,-87.676368411
41.872709056,-87.62418785700001
41.894591453000004,-87.719944973
41.894926565,-87.75599907
41.946542477,-87.73608437600001
41.802660667,-87.66238194799999
41.823792995,-87.620251876
41.874363279,-87.643013039
41.946212132,-87.646579678
41.740901519,-87.63994112299999
41.910764867,-87.658120918
41.861674964,-87.716504195
41.897524786,-87.704673571
41.745309919,-87.58415093100001
41.896809311999995,-87.748984945
41.878456412,-87.75616202799999
41.866198337,-87.72334073
41.754592961,-87.74152853700001
41.895432455,-87.719154582
41.876607964,-87.62764406299999
41.82716086,-87.641447355
41.695908161,-87.595822806
41.902217635999996,-87.75865903100001
41.880417403,-87.751583614
41.989243623,-87.665119726
41.888661058000004,-87.748868235
41.876607964,-87.62764406299999
41.87076966,-87.721164094
41.700353841,-87.563990926
41.994703388000005,-87.70075310200001
41.897524786,-87.704673571
41.845931371,-87.70140234799999
41.872680167,-87.714092586
41.877935869,-87.647983151
41.867097749,-87.723725015
41.751464464,-87.64406390200001
41.728556225,-87.59736182200001
41.6712195,-87.652654614
41.79350999,-87.703861119
41.883162163,-87.69634246
41.884691979,-87.71210370700001
41.793990833,-87.667459729
41.895529663000005,-87.638924852
41.84992928,-87.70682450700001
41.869565873,-87.743366081
41.7608291,-87.564240274
41.886755666999996,-87.76509592299999
41.817699893000004,-87.69326070299999
41.883500186999996,-87.627876698
41.73327429,-87.55133578
41.847378389,-87.70756142
41.873318755999996,-87.761565276
41.773159465999996,-87.67373876799999
41.754592961,-87.74152853700001
41.862381936,-87.716820455
41.877184166,-87.686340752
41.877555193,-87.755942476
41.867470673,-87.715453543
41.90690686,-87.74604947899999
41.705167681999995,-87.63720508200001
41.882082709,-87.687326899
41.915078788,-87.74812024200001
41.75946311,-87.613909008
41.750721276,-87.594257554
41.729599435,-87.63614639299999
41.750111323,-87.64403073700001
41.695275181,-87.620768866
41.793713591999996,-87.625675389
41.780631714,-87.661816029
41.893842795,-87.770972164
41.963880376,-87.649971265
41.704266417,-87.634307124
41.903522908,-87.73010838299999
41.691567689,-87.642356792
41.973265231,-87.658266541
41.933635812,-87.780913211
41.881683753000004,-87.62435302700001
41.764416722,-87.643008921
41.751328369,-87.601209921
41.873704218,-87.70407724399999
41.88361118,-87.707130873
41.942216025,-87.72896824799999
41.859079034000004,-87.705890901
41.755969261,-87.65304627299999
41.866145945,-87.726920742
41.872709056,-87.62418785700001
41.813233446,-87.643233311
41.789753808,-87.65111607600001
41.876640722,-87.75636196
41.878884869000004,-87.724347406
41.879487868000005,-87.746340997
41.896158299999996,-87.716337772
41.767811125,-87.655402845
41.849983535999996,-87.675783664
41.744104291999996,-87.593758145
41.909806865,-87.73213594
41.739332692,-87.730082896
42.019431567,-87.678302357
41.985725011999996,-87.689513269
41.879489805,-87.74618308
41.782210715,-87.692260837
41.883608576,-87.707156605
41.897132874,-87.628211524
41.877540474,-87.687236785
41.874698757,-87.70729498700001
41.910272522,-87.691418265
41.871648038000004,-87.72378458600001
41.877906521999996,-87.731370157
41.766102387,-87.573539169
41.757204493,-87.64663767399999
41.776781745,-87.68479188100001
41.764526484,-87.693741823
41.890081244,-87.62704405
41.89440789,-87.723608625
41.789991076999996,-87.64626219700001
41.809519024000004,-87.607384952
41.889883603,-87.72379121200001
41.883500186999996,-87.627876698
42.018496028,-87.675942011
41.875876362,-87.74525413
41.862023566,-87.71041789899999
41.885927479,-87.63393519600001
41.751407074,-87.59378793
41.866331725,-87.666379171
41.893187629,-87.74429100399999
41.900039997,-87.72378279
41.775045809,-87.665364418
41.769516434,-87.666374886
41.872681961,-87.713916329
41.871648155,-87.723806615
41.716984398,-87.653651689
41.765997125,-87.66382344
41.895074928,-87.742011123
41.76508964,-87.623288534
41.793253229,-87.719808322
41.695982095,-87.59665314200001
41.847924928000005,-87.63661383
41.772563336,-87.569947287
41.899564618,-87.729899533
41.974516857,-87.728203275
41.915751881999995,-87.688324849
41.731112402,-87.60878135
41.75164662,-87.572888766
41.732874188000004,-87.546995508
41.873635420999996,-87.71008118700001
41.809063425,-87.696677258
41.903591885,-87.688270928
41.862012064,-87.71285559399999
41.904338407,-87.666193145
41.854591983,-87.71242076899999
41.786697113,-87.66851056600001
41.907540082,-87.692055467
41.790240779,-87.622354657
41.747984812,-87.662163691
41.731607819000004,-87.66658766399999
41.975303081999996,-87.76277226
41.772429775,-87.647542093
41.884105872,-87.674879385
41.836385231,-87.66571041
41.752243051,-87.605227129
41.884650262,-87.627915459
41.749415471,-87.658564779
41.897800218,-87.71394914
41.786774666999996,-87.662496279
41.779424692,-87.610782199
41.924102821999995,-87.756452662
41.722578383000005,-87.66270654799999
41.684205036,-87.668003495
41.683405863000004,-87.63056090100001
41.954423375,-87.735463026
41.754918689,-87.555797195
41.910442535,-87.753827646
41.811073772,-87.712500083
41.754918689,-87.555797195
41.768050909,-87.637218492
41.901842459,-87.72627821200001
41.839859214,-87.724431324
41.940318272,-87.644408194
41.856234531999995,-87.71269486899999
41.909535792,-87.67615374799999
41.899247932,-87.75202983
41.766517938,-87.62171857
41.71857822,-87.53770129799999
41.999528585,-87.78985744299999
41.769871099,-87.650600959
41.766175264,-87.64566228
41.886275336,-87.765078145
41.768184963,-87.65783659899999
41.699952226,-87.61779144200001
41.880898957,-87.61904812700001
41.877470199,-87.67822287700001
41.979006297,-87.906463155
41.882257126,-87.763843161
41.784324739,-87.67161136899999
41.93180115,-87.726262505
41.939355367,-87.704226118
41.776036131,-87.73977333100001
41.734904858,-87.545776341
41.902154925,-87.764805126
41.72550966,-87.585403058
41.71323499,-87.537693946
41.752203875999996,-87.600360737
41.754918689,-87.555797195
41.76502302,-87.720905754
41.729083258,-87.58674639799999
41.71857822,-87.53770129799999
41.985339004000004,-87.768953888
41.980167985,-87.906701813
41.750229101,-87.673438518
41.976799653,-87.900520088
41.868541914,-87.639235361
41.751839838,-87.558271419
41.865507174,-87.723931031
41.91037473,-87.73367362100001
41.884474261,-87.743680645
41.763543955,-87.63392066899999
41.906455756,-87.68223943299999
41.866196295,-87.72347291700001
41.79054357,-87.780130326
41.846465069000004,-87.694199895
42.018217555999996,-87.806560265
41.891130177,-87.76126322399999
41.916323346999995,-87.727753959
41.900504018,-87.74701912299999
41.879776919,-87.724379329
41.9027091,-87.72203825700001
41.930948013000005,-87.75394343
41.885487535,-87.726422045
41.86409978,-87.71374953200001
41.860232898,-87.70914677200001
41.713037026,-87.55974496200001
41.756550472,-87.592600053
41.918646521999996,-87.64613311
41.876795906,-87.74529710600001
41.876567525,-87.723087916
41.853663905,-87.625514131
41.878083759,-87.74171246200001
41.974861952,-87.89037215100001
41.865434035999996,-87.72514691100001
41.89998654,-87.71890157
41.891700115,-87.665535033
41.968644729,-87.647739784
41.896127078,-87.663736891
41.763822602,-87.69300839200001
41.907971161999996,-87.769499937
41.75722565,-87.56216489100001
41.779020089,-87.6998599
41.98287878,-87.791440835
41.875225321,-87.71738366700001
41.800945833,-87.658691928
41.87549076,-87.70759936299999
41.720371314,-87.551045357
41.967166718,-87.66185725700001
41.749991112,-87.686117035
42.011056132,-87.785071485
41.791368386,-87.653588863
41.91245631,-87.663445006
41.702985702,-87.624594747
41.731110444,-87.60890593399999
41.798474627,-87.689051136
41.699494697,-87.655491019
41.685332125,-87.622042783
41.937946786,-87.707595612
41.803729645,-87.703849125
41.879860127,-87.77138487299999
41.969636834,-87.706064719
41.99256569,-87.68356233200001
41.899501867,-87.641868129
41.735947011,-87.652620096
41.858137671,-87.71396493200001
41.685034684,-87.64576916600001
41.991141887,-87.660299473
41.866168484,-87.72547403799999
41.706857405,-87.64941498
41.850897001999996,-87.732313498
41.776018543,-87.615520426
41.785701447,-87.708194546
41.736148121,-87.62907024299999
41.813107879,-87.695577079
41.704127811,-87.563250148
41.693320271,-87.66917642799999
41.830611847,-87.623247369
41.886303497,-87.71476531100001
41.802762964,-87.610050591
41.974803387,-87.65153881399999
41.847155065,-87.712426623
41.871648155,-87.723806615
41.78390707,-87.68742969600001
41.862365191,-87.71830373200001
41.894038046,-87.72114763100001
41.976162036,-87.652046543
41.927369131999995,-87.78343675
41.878739722,-87.73642605
41.891939637,-87.763452321
41.866843668,-87.625816668
41.803667488,-87.590528166
41.844023772,-87.62692325299999
41.799695446,-87.674467941
41.695982095,-87.59665314200001
41.800605183,-87.67327400299999
41.78878695,-87.649124215
41.921222063,-87.760976143
41.884483968000005,-87.62898961100001
41.722870348,-87.63478686
41.766067135,-87.656568531
41.811341532,-87.60743406899999
41.801957339,-87.62521792700001
41.89658837,-87.63475918399999
41.86821682,-87.6304532
41.895140898,-87.624255632
41.726716775,-87.59852944
41.85802838,-87.651092033
41.772748498,-87.624545811
41.968835076,-87.695029997
41.856790413,-87.70842407100001
41.91748779,-87.697459889
41.763712816,-87.69300581799999
41.858712788000005,-87.706665364
41.883500186999996,-87.627876698
41.902618979,-87.63140945100001
41.88068906,-87.728733158
41.824962701,-87.67077115200001
41.859927487,-87.73109829399999
41.776831444,-87.600831946
41.740325493,-87.669256571
41.883500186999996,-87.627876698
41.811382575,-87.6992
41.911432929,-87.747822895
41.851428155,-87.732602163
41.787481408000005,-87.657128051
41.883227385,-87.73711139299999
41.772084852,-87.67298359899999
41.7932749,-87.654852214
41.790486191,-87.657558511
41.877152269,-87.754947338
41.863461379,-87.652374244
41.764809696,-87.623284289
41.677334764,-87.63225589299999
41.867098294,-87.723827808
41.89031518,-87.619607985
41.899559421,-87.749599012
41.841855999,-87.628741678
41.840859176,-87.626847966
41.853670363,-87.72481055700001
41.879632018,-87.736505875
41.770980744,-87.6834133
41.842709067,-87.626890005
41.751731773,-87.565884414
41.692378887,-87.621046145
41.864015295,-87.693338627
41.786873855,-87.655550394
41.766114755,-87.572091122
41.862830724,-87.717095148
41.866202226,-87.72303964700001
41.758756846,-87.587080611
41.777813222,-87.65293645
41.740144329,-87.55391256600001
41.784876685,-87.61897460899999
41.769378793,-87.663942241
41.73060554,-87.599829648
41.819732386999995,-87.69455750600001
41.78757571,-87.646196318
41.871089003,-87.736475205
41.728855415,-87.558141118
41.771482967,-87.633431185
41.781989896,-87.68860021399999
41.921509914,-87.73402500600001
41.750402799999996,-87.601524607
41.883069436,-87.761636259
41.776881067,-87.681007365
41.896145616999995,-87.71755366200001
41.892241814,-87.748773155
41.878430906999995,-87.75818920200001
41.847193386,-87.718529815
41.886370325,-87.709869286
41.882357968,-87.756009406
41.902899151999996,-87.72630861
41.95287471,-87.707986356
41.794165319,-87.65553225299999
41.786517079,-87.64860567299999
41.786482148000005,-87.651037094
41.992169859,-87.673343732
41.747565691999995,-87.555240973
41.736355209,-87.559710673
41.777309867,-87.640802922
41.72951522,-87.55953630200001
41.815464075,-87.699834724
41.923592987,-87.65142654899999
41.691509212,-87.63630888200001
41.838067642,-87.631671276
41.751939541,-87.55071347299999
41.751305337,-87.603628907
41.878022742,-87.74052330399999
41.909793281999995,-87.67655155
41.777309867,-87.640802922
41.751770885,-87.56311705600001
41.940318272,-87.644408194
42.014216031,-87.664229139
41.785673088,-87.693572025
41.755500772,-87.649019745
41.916778625,-87.753215523
41.958108299,-87.70203797399999
41.789086467,-87.603699294
41.725449081,-87.630135884
41.873021973,-87.63359491899999
41.761089218,-87.64551866
41.882497126,-87.74289827700001
41.891347980999996,-87.74946810799999
41.911910115,-87.70920932799999
41.797739321,-87.617680221
41.923936046,-87.768723689
41.884807341999995,-87.75033191
41.89137048,-87.74688229200001
41.89031518,-87.619607985
41.89031518,-87.619607985
41.722768379,-87.624410361
41.976762981,-87.900983721
41.867100103,-87.723651566
41.878351391,-87.74519839
41.751104325,-87.61572110600001
41.867184056999996,-87.716759634
41.898161302,-87.718841931
41.749633994,-87.66827379799999
41.880771775999996,-87.722067456
41.932744378,-87.72455933299999
41.89031518,-87.619607985
41.89031518,-87.619607985
41.89031518,-87.619607985
41.880104227,-87.773604355
41.704824688,-87.60273016
41.73516861,-87.703313645
41.976762981,-87.900983721
41.873855191,-87.762379293
41.864246754,-87.71048075700001
41.680418425999996,-87.66243794799999
41.871732355,-87.71644789700001
41.881655151,-87.65505641700001
41.782776466,-87.776567219
41.673553955,-87.616385504
41.782515823000004,-87.709296114
41.727456812,-87.571833309
41.884952085,-87.75890559
41.733198919,-87.661771749
41.739265865,-87.604893749
41.89031518,-87.619607985
41.89031518,-87.619607985
41.89031518,-87.619607985
41.813273802,-87.66632463399999
41.768241056,-87.689104467
41.89031518,-87.619607985
41.976851851999996,-87.654999693
41.961287044,-87.692796336
41.994563818,-87.65935111299999
41.781182661,-87.613226308
41.781131327,-87.612042624
41.781666432,-87.599471659
41.74899896,-87.605175838
41.90223957,-87.756465834
41.752153997,-87.665088739
41.750988095,-87.560157998
